@stboundedby, urn:ogc:def:crs:JPL::0, 3D, -1.434473756290588E8 -1.405865069116277E8 -6.736821497661304E7, 1.556042895220669E8 1.305935049747964E8 6.170964906947813E7, 2021-11-24T07:17:53Z, 2022-09-29T23:57:53.000030518Z, minute
@columns, mfidref, trajectory
DART,      0,    500,   6.824091038511495E+07   1.200505148471484E+08   5.206485698546032E+07
DART,    500,   1000,   6.739348857714936E+07   1.203210992790753E+08   5.228518800056498E+07
DART,   1000,   1500,   6.655848647412232E+07   1.206154519423925E+08   5.249609986460267E+07
DART,   1500,   2000,   6.572341504657031E+07   1.209113435367612E+08   5.270221497344170E+07
DART,   2000,   2500,   6.488698690730920E+07   1.212056985626351E+08   5.290486818050676E+07
DART,   2500,   3000,   6.404876293010315E+07   1.214973459175369E+08   5.310460566936178E+07
DART,   3000,   3500,   6.320854682056468E+07   1.217856942214486E+08   5.330170740295895E+07
DART,   3500,   4000,   6.236624055916224E+07   1.220703953493055E+08   5.349633570650556E+07
DART,   4000,   4500,   6.152179410796908E+07   1.223512228896087E+08   5.368859220708498E+07
DART,   4500,   5000,   6.067518361688761E+07   1.226280182065624E+08   5.387854360653331E+07
DART,   5000,   5500,   5.982640115048295E+07   1.229006642334912E+08   5.406623526911105E+07
DART,   5500,   6000,   5.897544871475646E+07   1.231690706905893E+08   5.425169855828103E+07
DART,   6000,   6500,   5.812233561634501E+07   1.234331650730412E+08   5.443495546181353E+07
DART,   6500,   7000,   5.726707543501126E+07   1.236928878682725E+08   5.461602114998899E+07
DART,   7000,   7500,   5.640968537726267E+07   1.239481886874225E+08   5.479490597972723E+07
DART,   7500,   8000,   5.555018523974000E+07   1.241990240167598E+08   5.497161670360242E+07
DART,   8000,   8500,   5.468859680818557E+07   1.244453555926853E+08   5.514615734429459E+07
DART,   8500,   9000,   5.382494343368851E+07   1.246871492449202E+08   5.531852982173230E+07
DART,   9000,   9500,   5.295924972023018E+07   1.249243740460501E+08   5.548873441293716E+07
DART,   9500,  10000,   5.209154130360236E+07   1.251570017053362E+08   5.565677009550131E+07
DART,  10000,  10500,   5.122184467015893E+07   1.253850060638912E+08   5.582263480888857E+07
DART,  10500,  11000,   5.035018702760631E+07   1.256083627406861E+08   5.598632565583515E+07
DART,  11000,  11500,   4.947659618568949E+07   1.258270488256297E+08   5.614783905557384E+07
DART,  11500,  12000,   4.860110052686116E+07   1.260410427400140E+08   5.630717088097464E+07
DART,  12000,  12500,   4.772372891542664E+07   1.262503240412343E+08   5.646431651863345E+07
DART,  12500,  13000,   4.684451063848589E+07   1.264548732562826E+08   5.661927096263546E+07
DART,  13000,  13500,   4.596347531291635E+07   1.266546715766876E+08   5.677202901903788E+07
DART,  13500,  14000,   4.508065291752143E+07   1.268497010532451E+08   5.692258514575876E+07
DART,  14000,  14500,   4.419607371362280E+07   1.270399443981932E+08   5.707093356800243E+07
DART,  14500,  15000,   4.330976837858270E+07   1.272253849263571E+08   5.721706845625152E+07
DART,  15000,  15500,   4.242176777803229E+07   1.274060065406830E+08   5.736098373497785E+07
DART,  15500,  16000,   4.153210301951498E+07   1.275817935974354E+08   5.750267329878405E+07
DART,  16000,  16500,   4.064080552886777E+07   1.277527309114271E+08   5.764213091363147E+07
DART,  16500,  17000,   3.974790691901175E+07   1.279188037623997E+08   5.777935026172866E+07
DART,  17000,  17500,   3.885343901871289E+07   1.280799978328096E+08   5.791432498047292E+07
DART,  17500,  18000,   3.795743386547586E+07   1.282362991886706E+08   5.804704866940767E+07
DART,  18000,  18500,   3.705992370244282E+07   1.283876942611141E+08   5.817751489616184E+07
DART,  18500,  19000,   3.616094095692389E+07   1.285341698150444E+08   5.830571723794349E+07
DART,  19000,  19500,   3.526051824323545E+07   1.286757129594484E+08   5.843164925095494E+07
DART,  19500,  20000,   3.435868835665607E+07   1.288123111129366E+08   5.855530450668503E+07
DART,  20000,  20500,   3.345548426726858E+07   1.289439520070883E+08   5.867667658181403E+07
DART,  20500,  21000,   3.255093911326693E+07   1.290706236602532E+08   5.879575908777840E+07
DART,  21000,  21500,   3.164508619838178E+07   1.291923143878193E+08   5.891254565148492E+07
DART,  21500,  22000,   3.073795898539012E+07   1.293090127762967E+08   5.902702994665093E+07
DART,  22000,  22500,   2.982959109485589E+07   1.294207076972636E+08   5.913920567078321E+07
DART,  22500,  23000,   2.892001629931344E+07   1.295273882862050E+08   5.924906657156517E+07
DART,  23000,  23500,   2.800926852064324E+07   1.296290439431639E+08   5.935660644346834E+07
DART,  23500,  24000,   2.709738182963099E+07   1.297256643346984E+08   5.946181913850715E+07
DART,  24000,  24500,   2.618439052148379E+07   1.298172395221016E+08   5.956469886613881E+07
DART,  24500,  25000,   2.527032886691578E+07   1.299037595350003E+08   5.966523930101017E+07
DART,  25000,  25500,   2.435523134766353E+07   1.299852147883220E+08   5.976343442291640E+07
DART,  25500,  26000,   2.343913258552368E+07   1.300615959467914E+08   5.985927832059194E+07
DART,  26000,  26500,   2.252206733430255E+07   1.301328939217278E+08   5.995276514866089E+07
DART,  26500,  27000,   2.160407047881979E+07   1.301990998767075E+08   6.004388911956421E+07
DART,  27000,  27500,   2.068517702924950E+07   1.302602052105296E+08   6.013264452805178E+07
DART,  27500,  28000,   1.976542212100441E+07   1.303162015664233E+08   6.021902573840192E+07
DART,  28000,  28500,   1.884484101313793E+07   1.303670808339878E+08   6.030302718218151E+07
DART,  28500,  29000,   1.792346908280493E+07   1.304128351342259E+08   6.038464338041604E+07
DART,  29000,  29500,   1.700134182585602E+07   1.304534568308066E+08   6.046386892824916E+07
DART,  29500,  30000,   1.607849485495297E+07   1.304889385305152E+08   6.054069849522285E+07
DART,  30000,  30500,   1.515496389527447E+07   1.305192730743812E+08   6.061512683911043E+07
DART,  30500,  31000,   1.423078478228845E+07   1.305444535374988E+08   6.068714880735137E+07
DART,  31000,  31500,   1.330599348014060E+07   1.305644732828022E+08   6.075675942685913E+07
DART,  31500,  32000,   1.238062606242409E+07   1.305793259171548E+08   6.082395381768663E+07
DART,  32000,  32500,   1.145471864921967E+07   1.305890051374937E+08   6.088872687213337E+07
DART,  32500,  33000,   1.052830750198121E+07   1.305935049747964E+08   6.095107378080110E+07
DART,  33000,  33500,   9.601428984109387E+06   1.305928197010590E+08   6.101098982062241E+07
DART,  33500,  34000,   8.674119567536427E+06   1.305869438545529E+08   6.106847035124850E+07
DART,  34000,  34500,   7.746415870970242E+06   1.305758723595569E+08   6.112351076247668E+07
DART,  34500,  35000,   6.818354480347935E+06   1.305595999946530E+08   6.117610669845705E+07
DART,  35000,  35500,   5.889972146976281E+06   1.305381219876205E+08   6.122625381035079E+07
DART,  35500,  36000,   4.961309495668091E+06   1.305114443352314E+08   6.127395533144181E+07
DART,  36000,  36500,   4.032409640621021E+06   1.304795797674018E+08   6.131921925190033E+07
DART,  36500,  37000,   3.103299613132970E+06   1.304424966816564E+08   6.136202188238137E+07
DART,  37000,  37500,   2.174016509886032E+06   1.304001912693881E+08   6.140235926634912E+07
DART,  37500,  38000,   1.244597513155493E+06   1.303526599656106E+08   6.144022754460764E+07
DART,  38000,  38500,   3.150798833190072E+05   1.302998994472748E+08   6.147562295798021E+07
DART,  38500,  39000,  -6.144990401725118E+05   1.302419066318766E+08   6.150854185215097E+07
DART,  39000,  39500,  -1.544101841125750E+06   1.301786786828513E+08   6.153898067156829E+07
DART,  39500,  40000,  -2.473691027921574E+06   1.301102130180591E+08   6.156693595348768E+07
DART,  40000,  40500,  -3.403229035799056E+06   1.300365073029073E+08   6.159240433767737E+07
DART,  40500,  41000,  -4.332678232049382E+06   1.299575594120087E+08   6.161538260215665E+07
DART,  41000,  41500,  -5.262000916336040E+06   1.298733674865359E+08   6.163586760972374E+07
DART,  41500,  42000,  -6.191159320627519E+06   1.297839299166460E+08   6.165385632778923E+07
DART,  42000,  42500,  -7.120115612637412E+06   1.296892453406668E+08   6.166934582787863E+07
DART,  42500,  43000,  -8.048831899140332E+06   1.295893126416925E+08   6.168233329470570E+07
DART,  43000,  43500,  -8.977270227406941E+06   1.294841309526002E+08   6.169281601751002E+07
DART,  43500,  44000,  -9.905392585107893E+06   1.293736996571086E+08   6.170079139257311E+07
DART,  44000,  44500,  -1.083316090672372E+07   1.292580183858699E+08   6.170625692925359E+07
DART,  44500,  45000,  -1.176053707301808E+07   1.291370870204628E+08   6.170921024599821E+07
DART,  45000,  45500,  -1.268748291256095E+07   1.290109056948081E+08   6.170964906947813E+07
DART,  45500,  46000,  -1.361396020562763E+07   1.288794747927446E+08   6.170757124151240E+07
DART,  46000,  46500,  -1.453993068064702E+07   1.287427949459719E+08   6.170297472260495E+07
DART,  46500,  47000,  -1.546535602492766E+07   1.286008670433583E+08   6.169585757933932E+07
DART,  47000,  47500,  -1.639019788614596E+07   1.284536922295448E+08   6.168621798735420E+07
DART,  47500,  48000,  -1.731441787155120E+07   1.283012718983851E+08   6.167405424044893E+07
DART,  48000,  48500,  -1.823797755259248E+07   1.281436077002805E+08   6.165936474514492E+07
DART,  48500,  49000,  -1.916083846469519E+07   1.279807015403172E+08   6.164214802296614E+07
DART,  49000,  49500,  -2.008296210992609E+07   1.278125555800057E+08   6.162240270920387E+07
DART,  49500,  50000,  -2.100430995818124E+07   1.276391722365969E+08   6.160012755496711E+07
DART,  50000,  50500,  -2.192484345126978E+07   1.274605541818037E+08   6.157532143093365E+07
DART,  50500,  51000,  -2.284452400591512E+07   1.272767043455479E+08   6.154798332289177E+07
DART,  51000,  51500,  -2.376331301501721E+07   1.270876259154937E+08   6.151811233389451E+07
DART,  51500,  52000,  -2.468117185047930E+07   1.268933223368618E+08   6.148570768519220E+07
DART,  52000,  52500,  -2.559806186507893E+07   1.266937973130341E+08   6.145076871620141E+07
DART,  52500,  53000,  -2.651394439537646E+07   1.264890548067316E+08   6.141329488487644E+07
DART,  53000,  53500,  -2.742878076281825E+07   1.262790990399342E+08   6.137328576839183E+07
DART,  53500,  54000,  -2.834253227695942E+07   1.260639344932172E+08   6.133074106466527E+07
DART,  54000,  54500,  -2.925516023817882E+07   1.258435659082857E+08   6.128566059032440E+07
DART,  54500,  55000,  -3.016662593872690E+07   1.256179982856040E+08   6.123804428476114E+07
DART,  55000,  55500,  -3.107689066752057E+07   1.253872368884586E+08   6.118789220559753E+07
DART,  55500,  56000,  -3.198591571164720E+07   1.251512872407686E+08   6.113520453171718E+07
DART,  56000,  56500,  -3.289366235733824E+07   1.249101551254925E+08   6.107998156761312E+07
DART,  56500,  57000,  -3.380009189345621E+07   1.246638465901813E+08   6.102222373565883E+07
DART,  57000,  57500,  -3.470516561552603E+07   1.244123679423015E+08   6.096193158274247E+07
DART,  57500,  58000,  -3.560884482600490E+07   1.241557257525978E+08   6.089910577742051E+07
DART,  58000,  58500,  -3.651109083772696E+07   1.238939268526372E+08   6.083374711356391E+07
DART,  58500,  59000,  -3.741186497449078E+07   1.236269783395320E+08   6.076585650477122E+07
DART,  59000,  59500,  -3.831112857751590E+07   1.233548875703389E+08   6.069543499208380E+07
DART,  59500,  60000,  -3.920884300393860E+07   1.230776621663123E+08   6.062248373872375E+07
DART,  60000,  60500,  -4.010496963275193E+07   1.227953100130175E+08   6.054700403129601E+07
DART,  60500,  61000,  -4.099946986495508E+07   1.225078392579048E+08   6.046899728272948E+07
DART,  61000,  61500,  -4.189230512613429E+07   1.222152583115439E+08   6.038846503073582E+07
DART,  61500,  62000,  -4.278343686979879E+07   1.219175758485036E+08   6.030540893837737E+07
DART,  62000,  62500,  -4.367282658136719E+07   1.216148008078174E+08   6.021983079116438E+07
DART,  62500,  63000,  -4.456043577799027E+07   1.213069423930783E+08   6.013173249934316E+07
DART,  63000,  63500,  -4.544622601148101E+07   1.209940100688220E+08   6.004111610400978E+07
DART,  63500,  64000,  -4.633015887201772E+07   1.206760135636670E+08   5.994798377120747E+07
DART,  64000,  64500,  -4.721219599019894E+07   1.203529628708914E+08   5.985233779119825E+07
DART,  64500,  65000,  -4.809229904192087E+07   1.200248682470567E+08   5.975418057975601E+07
DART,  65000,  65500,  -4.897042974635789E+07   1.196917402129077E+08   5.965351468071549E+07
DART,  65500,  66000,  -4.984654987089276E+07   1.193535895542866E+08   5.955034276127116E+07
DART,  66000,  66500,  -5.072062123737222E+07   1.190104273142489E+08   5.944466762225944E+07
DART,  66500,  67000,  -5.159260571739662E+07   1.186622648037318E+08   5.933649218858623E+07
DART,  67000,  67500,  -5.246246523947481E+07   1.183091135964161E+08   5.922581951093221E+07
DART,  67500,  68000,  -5.333016179197527E+07   1.179509855275059E+08   5.911265276792395E+07
DART,  68000,  68500,  -5.419565742543229E+07   1.175878926947574E+08   5.899699526328304E+07
DART,  68500,  69000,  -5.505891425494979E+07   1.172198474562754E+08   5.887885043100639E+07
DART,  69000,  69500,  -5.591989445928229E+07   1.168468624360198E+08   5.875822183244792E+07
DART,  69500,  70000,  -5.677856028819904E+07   1.164689505186753E+08   5.863511315472025E+07
DART,  70000,  70500,  -5.763487406153698E+07   1.160861248521464E+08   5.850952821049099E+07
DART,  70500,  71000,  -5.848879817480410E+07   1.156983988431486E+08   5.838147094465553E+07
DART,  71000,  71500,  -5.934029510084689E+07   1.153057861599409E+08   5.825094542727154E+07
DART,  71500,  72000,  -6.018932739188509E+07   1.149083007312473E+08   5.811795585473454E+07
DART,  72000,  72500,  -6.103585768315112E+07   1.145059567453188E+08   5.798250655225024E+07
DART,  72500,  73000,  -6.187984869446694E+07   1.140987686501518E+08   5.784460197278921E+07
DART,  73000,  73500,  -6.272126323326273E+07   1.136867511528078E+08   5.770424669831739E+07
DART,  73500,  74000,  -6.356006419772246E+07   1.132699192183437E+08   5.756144543839427E+07
DART,  74000,  74500,  -6.439621457734518E+07   1.128482880724479E+08   5.741620302474342E+07
DART,  74500,  75000,  -6.522967745816809E+07   1.124218731965774E+08   5.726852442129599E+07
DART,  75000,  75500,  -6.606041602533078E+07   1.119906903273381E+08   5.711841471990619E+07
DART,  75500,  76000,  -6.688839356230918E+07   1.115547554615621E+08   5.696587913666160E+07
DART,  76000,  76500,  -6.771357345784007E+07   1.111140848493047E+08   5.681092301572113E+07
DART,  76500,  77000,  -6.853591920362008E+07   1.106686949936483E+08   5.665355183652742E+07
DART,  77000,  77500,  -6.935539440147753E+07   1.102186026562729E+08   5.649377119708729E+07
DART,  77500,  78000,  -7.017196276622365E+07   1.097638248498690E+08   5.633158682377365E+07
DART,  78000,  78500,  -7.098558812557599E+07   1.093043788418154E+08   5.616700456778651E+07
DART,  78500,  79000,  -7.179623442355353E+07   1.088402821499986E+08   5.600003040852383E+07
DART,  79000,  79500,  -7.260386572480740E+07   1.083715525463847E+08   5.583067044829056E+07
DART,  79500,  80000,  -7.340844621284069E+07   1.078982080533427E+08   5.565893091676519E+07
DART,  80000,  80500,  -7.420994019712000E+07   1.074202669436001E+08   5.548481816809141E+07
DART,  80500,  81000,  -7.500831211330199E+07   1.069377477392943E+08   5.530833868173118E+07
DART,  81000,  81500,  -7.580352652675536E+07   1.064506692099179E+08   5.512949906312856E+07
DART,  81500,  82000,  -7.659554813545896E+07   1.059590503711126E+08   5.494830604359359E+07
DART,  82000,  82500,  -7.738434177072626E+07   1.054629104850108E+08   5.476476648007020E+07
DART,  82500,  83000,  -7.816987240146580E+07   1.049622690585620E+08   5.457888735422141E+07
DART,  83000,  83500,  -7.895210513590640E+07   1.044571458448717E+08   5.439067576992504E+07
DART,  83500,  84000,  -7.973100522509183E+07   1.039475608398912E+08   5.420013895507935E+07
DART,  84000,  84500,  -8.050653806319436E+07   1.034335342816594E+08   5.400728426273447E+07
DART,  84500,  85000,  -8.127866919284123E+07   1.029150866505398E+08   5.381211916655525E+07
DART,  85000,  85500,  -8.204736431688701E+07   1.023922386548456E+08   5.361465127018916E+07
DART,  85500,  86000,  -8.281258928235297E+07   1.018650112499577E+08   5.341488829671208E+07
DART,  86000,  86500,  -8.357431008633545E+07   1.013334256343806E+08   5.321283808876433E+07
DART,  86500,  87000,  -8.433249288604347E+07   1.007975032394504E+08   5.300850861344551E+07
DART,  87000,  87500,  -8.508710399794385E+07   1.002572657322974E+08   5.280190795971754E+07
DART,  87500,  88000,  -8.583810988876003E+07   9.971273503112115E+07   5.259304432525447E+07
DART,  88000,  88500,  -8.658547720456335E+07   9.916393326797746E+07   5.238192604102002E+07
DART,  88500,  89000,  -8.732917275770345E+07   9.861088280675426E+07   5.216856155914493E+07
DART,  89000,  89500,  -8.806916352652632E+07   9.805360624759132E+07   5.195295944696026E+07
DART,  89500,  90000,  -8.880541663953224E+07   9.749212644914037E+07   5.173512837171696E+07
DART,  90000,  90500,  -8.953789942542945E+07   9.692646646134342E+07   5.151507714460931E+07
DART,  90500,  91000,  -9.026657938789423E+07   9.635664956394397E+07   5.129281469226167E+07
DART,  91000,  91500,  -9.099142421298757E+07   9.578269925837483E+07   5.106835006067483E+07
DART,  91500,  92000,  -9.171240175836465E+07   9.520463928259109E+07   5.084169240654418E+07
DART,  92000,  92500,  -9.242948006608750E+07   9.462249359615631E+07   5.061285100305869E+07
DART,  92500,  93000,  -9.314262736642773E+07   9.403628637519167E+07   5.038183524345773E+07
DART,  93000,  93500,  -9.385181207810515E+07   9.344604201646098E+07   5.014865463519197E+07
DART,  93500,  94000,  -9.455700281166337E+07   9.285178513375303E+07   4.991331880110303E+07
DART,  94000,  94500,  -9.525816836935270E+07   9.225354055889222E+07   4.967583747751854E+07
DART,  94500,  95000,  -9.595527774782430E+07   9.165133333822373E+07   4.943622051627902E+07
DART,  95000,  95500,  -9.664830014226562E+07   9.104518873048538E+07   4.919447788293396E+07
DART,  95500,  96000,  -9.733720494962955E+07   9.043513220473565E+07   4.895061965472957E+07
DART,  96000,  96500,  -9.802196176497564E+07   8.982118944474068E+07   4.870465602006094E+07
DART,  96500,  97000,  -9.870254038804772E+07   8.920338634059964E+07   4.845659728060885E+07
DART,  97000,  97500,  -9.937891082586314E+07   8.858174898874788E+07   4.820645384894535E+07
DART,  97500,  98000,  -1.000510432927889E+08   8.795630369115122E+07   4.795423624913874E+07
DART,  98000,  98500,  -1.007189082147168E+08   8.732707695308158E+07   4.769995511331303E+07
DART,  98500,  99000,  -1.013824762293940E+08   8.669409548223153E+07   4.744362118273435E+07
DART,  99000,  99500,  -1.020417181886028E+08   8.605738618647864E+07   4.718524530760242E+07
DART,  99500, 100000,  -1.026966051627918E+08   8.541697617271498E+07   4.692483844140358E+07
DART, 100000, 100500,  -1.033471084405749E+08   8.477289274098694E+07   4.666241165110509E+07
DART, 100500, 101000,  -1.039931995309828E+08   8.412516339010648E+07   4.639797610492940E+07
DART, 101000, 101500,  -1.046348501665473E+08   8.347381581059860E+07   4.613154307661736E+07
DART, 101500, 102000,  -1.052720323041309E+08   8.281887788414222E+07   4.586312394587982E+07
DART, 102000, 102500,  -1.059047181274127E+08   8.216037768121222E+07   4.559273019662932E+07
DART, 102500, 103000,  -1.065328800493383E+08   8.149834345788872E+07   4.532037341802286E+07
DART, 103000, 103500,  -1.071564907129154E+08   8.083280365725207E+07   4.504606529999659E+07
DART, 103500, 104000,  -1.077755229944251E+08   8.016378690650697E+07   4.476981763251848E+07
DART, 104000, 104500,  -1.083899500082974E+08   7.949132200808075E+07   4.449164230960751E+07
DART, 104500, 105000,  -1.089997450983754E+08   7.881543795569558E+07   4.421155131981420E+07
DART, 105000, 105500,  -1.096048818500508E+08   7.813616391275337E+07   4.392955675656728E+07
DART, 105500, 106000,  -1.102053340885995E+08   7.745352922161469E+07   4.364567080844509E+07
DART, 106000, 106500,  -1.108010758820608E+08   7.676756339576849E+07   4.335990576246329E+07
DART, 106500, 107000,  -1.113920815408247E+08   7.607829612294270E+07   4.307227400101654E+07
DART, 107000, 107500,  -1.119783256204879E+08   7.538575726055872E+07   4.278278800309949E+07
DART, 107500, 108000,  -1.125597829254322E+08   7.468997682924409E+07   4.249146034479220E+07
DART, 108000, 108500,  -1.131364285065945E+08   7.399098502100392E+07   4.219830369271222E+07
DART, 108500, 109000,  -1.137082379308449E+08   7.328880871356951E+07   4.190333208282407E+07
DART, 109000, 109500,  -1.142751870897507E+08   7.258347396682367E+07   4.160656000148786E+07
DART, 109500, 110000,  -1.148372511916189E+08   7.187501937966031E+07   4.130799748623816E+07
DART, 110000, 110500,  -1.153944062991039E+08   7.116347578325266E+07   4.100765757276739E+07
DART, 110500, 111000,  -1.159466287317020E+08   7.044887416355872E+07   4.070555338606139E+07
DART, 111000, 111500,  -1.164938950676153E+08   6.973124565883878E+07   4.040169813977947E+07
DART, 111500, 112000,  -1.170361821480666E+08   6.901062155138671E+07   4.009610513818645E+07
DART, 112000, 112500,  -1.175734670722574E+08   6.828703327926460E+07   3.978878776815793E+07
DART, 112500, 113000,  -1.181057272028375E+08   6.756051242530519E+07   3.947975950420359E+07
DART, 113000, 113500,  -1.186329401672271E+08   6.683109071476140E+07   3.916903390701904E+07
DART, 113500, 114000,  -1.191550838593402E+08   6.609880001371784E+07   3.885662462097036E+07
DART, 114000, 114500,  -1.196721364415212E+08   6.536367232499541E+07   3.854254537289017E+07
DART, 114500, 115000,  -1.201840763431559E+08   6.462573979097340E+07   3.822680997133189E+07
DART, 115000, 115500,  -1.206908822584296E+08   6.388503469984438E+07   3.790943230416270E+07
DART, 115500, 116000,  -1.211925331587907E+08   6.314158945887909E+07   3.759042634224997E+07
DART, 116000, 116500,  -1.216890082888985E+08   6.239543660454504E+07   3.726980613421267E+07
DART, 116500, 117000,  -1.221802871624972E+08   6.164660881056204E+07   3.694758580609512E+07
DART, 117000, 117500,  -1.226663495704052E+08   6.089513887109374E+07   3.662377956418247E+07
DART, 117500, 118000,  -1.231471755789140E+08   6.014105970548240E+07   3.629840168710270E+07
DART, 118000, 118500,  -1.236227455316878E+08   5.938440435364055E+07   3.597146652847761E+07
DART, 118500, 119000,  -1.240930400505104E+08   5.862520597410588E+07   3.564298851807772E+07
DART, 119000, 119500,  -1.245580400374144E+08   5.786349783931818E+07   3.531298215924948E+07
DART, 119500, 120000,  -1.250177266747087E+08   5.709931333707315E+07   3.498146202576326E+07
DART, 120000, 120500,  -1.254720814261229E+08   5.633268596737095E+07   3.464844275965094E+07
DART, 120500, 121000,  -1.259210860374787E+08   5.556364934005307E+07   3.431393907455295E+07
DART, 121000, 121500,  -1.263647225376853E+08   5.479223717150262E+07   3.397796575465840E+07
DART, 121500, 122000,  -1.268029732422449E+08   5.401848327816410E+07   3.364053765150969E+07
DART, 122000, 122500,  -1.272358207514176E+08   5.324242158006909E+07   3.330166968341382E+07
DART, 122500, 123000,  -1.276632479489319E+08   5.246408610405251E+07   3.296137683120078E+07
DART, 123000, 123500,  -1.280852380073959E+08   5.168351096929426E+07   3.261967414346968E+07
DART, 123500, 124000,  -1.285017743877794E+08   5.090073038985164E+07   3.227657672935845E+07
DART, 124000, 124500,  -1.289128408402313E+08   5.011577867104309E+07   3.193209976271517E+07
DART, 124500, 125000,  -1.293184214031368E+08   4.932869020917565E+07   3.158625847903750E+07
DART, 125000, 125500,  -1.297185004043597E+08   4.853949949023415E+07   3.123906817429844E+07
DART, 125500, 126000,  -1.301130624663879E+08   4.774824107944300E+07   3.089054420007306E+07
DART, 126000, 126500,  -1.305020925009531E+08   4.695494962853137E+07   3.054070196750278E+07
DART, 126500, 127000,  -1.308855757119233E+08   4.615965987041895E+07   3.018955694509435E+07
DART, 127000, 127500,  -1.312634975967295E+08   4.536240661676021E+07   2.983712465354365E+07
DART, 127500, 128000,  -1.316358439460493E+08   4.456322475282635E+07   2.948342067202827E+07
DART, 128000, 128500,  -1.320026008475561E+08   4.376214922875126E+07   2.912846063309502E+07
DART, 128500, 129000,  -1.323637546798890E+08   4.295921507704908E+07   2.877226021843951E+07
DART, 129000, 129500,  -1.327192925334419E+08   4.215445576167155E+07   2.841483573847900E+07
DART, 129500, 130000,  -1.330692020994861E+08   4.134790360883851E+07   2.805620397654374E+07
DART, 130000, 130500,  -1.334134695088877E+08   4.053959831227408E+07   2.769637919058989E+07
DART, 130500, 131000,  -1.337520823234847E+08   3.972957516285919E+07   2.733537726124020E+07
DART, 131000, 131500,  -1.340850284033166E+08   3.891786950514665E+07   2.697321411609903E+07
DART, 131500, 132000,  -1.344122959054430E+08   3.810451673925995E+07   2.660990572965251E+07
DART, 132000, 132500,  -1.347338732849387E+08   3.728955231924881E+07   2.624546811900135E+07
DART, 132500, 133000,  -1.350497492945618E+08   3.647301175012901E+07   2.587991734456566E+07
DART, 133000, 133500,  -1.353599129851869E+08   3.565493058544265E+07   2.551326950887335E+07
DART, 133500, 134000,  -1.356643537063246E+08   3.483534442464262E+07   2.514554075482989E+07
DART, 134000, 134500,  -1.359630611055550E+08   3.401428890921645E+07   2.477674726897918E+07
DART, 134500, 135000,  -1.362560251293890E+08   3.319179972501261E+07   2.440690527280701E+07
DART, 135000, 135500,  -1.365432360237620E+08   3.236791259488344E+07   2.403603102451824E+07
DART, 135500, 136000,  -1.368246843334494E+08   3.154266327638913E+07   2.366414082114464E+07
DART, 136000, 136500,  -1.371003609030505E+08   3.071608755863451E+07   2.329125099564891E+07
DART, 136500, 137000,  -1.373702568759725E+08   2.988822126322592E+07   2.291737791459992E+07
DART, 137000, 137500,  -1.376343636925831E+08   2.905910025175638E+07   2.254253797542732E+07
DART, 137500, 138000,  -1.378926730944484E+08   2.822876040289459E+07   2.216674760878092E+07
DART, 138000, 138500,  -1.381451771224223E+08   2.739723761883629E+07   2.179002327670675E+07
DART, 138500, 139000,  -1.383918681167499E+08   2.656456782346307E+07   2.141238146988477E+07
DART, 139000, 139500,  -1.386327387166266E+08   2.573078696150316E+07   2.103383870696207E+07
DART, 139500, 140000,  -1.388677818599979E+08   2.489593099555469E+07   2.065441153413740E+07
DART, 140000, 140500,  -1.390969907831568E+08   2.406003590412976E+07   2.027411652415966E+07
DART, 140500, 141000,  -1.393203590215076E+08   2.322313767590107E+07   1.989297027388654E+07
DART, 141000, 141500,  -1.395378804088303E+08   2.238527231084131E+07   1.951098940506788E+07
DART, 141500, 142000,  -1.397495490774096E+08   2.154647581521280E+07   1.912819056086644E+07
DART, 142000, 142500,  -1.399553594583131E+08   2.070678419484590E+07   1.874459040739883E+07
DART, 142500, 143000,  -1.401553062788048E+08   1.986623346542541E+07   1.836020563200211E+07
DART, 143000, 143500,  -1.403493845638929E+08   1.902485964609335E+07   1.797505293923536E+07
DART, 143500, 144000,  -1.405375896351618E+08   1.818269875635967E+07   1.758914905171167E+07
DART, 144000, 144500,  -1.407199171124641E+08   1.733978679845552E+07   1.720251071081413E+07
DART, 144500, 145000,  -1.408963629121862E+08   1.649615976645560E+07   1.681515467338750E+07
DART, 145000, 145500,  -1.410669304995871E+08   1.565180272227386E+07   1.642715872894205E+07
DART, 145500, 146000,  -1.412316170881466E+08   1.480674669855563E+07   1.603854560071869E+07
DART, 146000, 146500,  -1.413904115228241E+08   1.396108355591190E+07   1.564926512387376E+07
DART, 146500, 147000,  -1.415433109019195E+08   1.311484924911180E+07   1.525933410342374E+07
DART, 147000, 147500,  -1.416903126178522E+08   1.226807971838675E+07   1.486876935257479E+07
DART, 147500, 148000,  -1.418314143569995E+08   1.142081088274210E+07   1.447758769407298E+07
DART, 148000, 148500,  -1.419666140987003E+08   1.057307863708721E+07   1.408580596077104E+07
DART, 148500, 149000,  -1.420959101148725E+08   9.724918849337775E+06   1.369344099211117E+07
DART, 149000, 149500,  -1.422193009689158E+08   8.876367363668758E+06   1.330050963350889E+07
DART, 149500, 150000,  -1.423367855154595E+08   8.027459995806470E+06   1.290702873434494E+07
DART, 150000, 150500,  -1.424483628998479E+08   7.178232529671478E+06   1.251301514885147E+07
DART, 150500, 151000,  -1.425540325572217E+08   6.328720712801158E+06   1.211848573360258E+07
DART, 151000, 151500,  -1.426537942118169E+08   5.478960258042258E+06   1.172345734570124E+07
DART, 151500, 152000,  -1.427476478761676E+08   4.628986840534974E+06   1.132794684570810E+07
DART, 152000, 152500,  -1.428355938505767E+08   3.778836095848237E+06   1.093197109132379E+07
DART, 152500, 153000,  -1.429176327225139E+08   2.928543605260961E+06   1.053554693942237E+07
DART, 153000, 153500,  -1.429937653646281E+08   2.078144928410721E+06   1.013869124446404E+07
DART, 153500, 154000,  -1.430639929353651E+08   1.227675564968110E+06   9.741420857284622E+06
DART, 154000, 154500,  -1.431283168775149E+08   3.771709662529743E+05   9.343752623667903E+06
DART, 154500, 155000,  -1.431867389171511E+08  -4.733334660655300E+05   8.945703383583423E+06
DART, 155000, 155500,  -1.432392610631365E+08  -1.323802393849534E+06   8.547289969642969E+06
DART, 155500, 156000,  -1.432858856060285E+08  -2.174200513487991E+06   8.148529207904204E+06
DART, 156000, 156500,  -1.433266151171011E+08  -3.024492589281677E+06   7.749437915357728E+06
DART, 156500, 157000,  -1.433614524472502E+08  -3.874643441669961E+06   7.350032899912117E+06
DART, 157000, 157500,  -1.433904007264146E+08  -4.724617951518574E+06   6.950330956958526E+06
DART, 157500, 158000,  -1.434134633619257E+08  -5.574381066347323E+06   6.550348871705140E+06
DART, 158000, 158500,  -1.434306440381833E+08  -6.423897799476266E+06   6.150103414940238E+06
DART, 158500, 159000,  -1.434419467156298E+08  -7.273133228359196E+06   5.749611343118609E+06
DART, 159000, 159500,  -1.434473756290588E+08  -8.122052500237938E+06   5.348889400255667E+06
DART, 159500, 160000,  -1.434469352867689E+08  -8.970620836001609E+06   4.947954312286177E+06
DART, 160000, 160500,  -1.434406304695868E+08  -9.818803529300995E+06   4.546822788280543E+06
DART, 160500, 161000,  -1.434284662297167E+08  -1.066656594580023E+07   4.145511520564249E+06
DART, 161000, 161500,  -1.434104478901792E+08  -1.151387352334128E+07   3.744037180894199E+06
DART, 161500, 162000,  -1.433865810427284E+08  -1.236069178325752E+07   3.342416423647195E+06
DART, 162000, 162500,  -1.433568715466050E+08  -1.320698632974463E+07   2.940665882479412E+06
DART, 162500, 163000,  -1.433213255282051E+08  -1.405272284459933E+07   2.538802167189124E+06
DART, 163000, 163500,  -1.432799493796840E+08  -1.489786709350920E+07   2.136841866975015E+06
DART, 163500, 164000,  -1.432327497567220E+08  -1.574238493542678E+07   1.734801545842193E+06
DART, 164000, 164500,  -1.431797335785379E+08  -1.658624230922737E+07   1.332697745176255E+06
DART, 164500, 165000,  -1.431209080260693E+08  -1.742940524568469E+07   9.305469798996015E+05
DART, 165000, 165500,  -1.430562805407978E+08  -1.827183986602574E+07   5.283657383841430E+05
DART, 165500, 166000,  -1.429858588233726E+08  -1.911351238557739E+07   1.261704818656996E+05
DART, 166000, 166500,  -1.429096508327806E+08  -1.995438911373417E+07  -2.760223572094192E+05
DART, 166500, 167000,  -1.428276647838506E+08  -2.079443645807952E+07  -6.781963733811532E+05
DART, 167000, 167500,  -1.427399091466543E+08  -2.163362092320303E+07  -1.080335192091193E+06
DART, 167500, 168000,  -1.426463926455379E+08  -2.247190911290322E+07  -1.482422469211378E+06
DART, 168000, 168500,  -1.425471242574385E+08  -2.330926773145723E+07  -1.884441892159040E+06
DART, 168500, 169000,  -1.424421132104325E+08  -2.414566358598476E+07  -2.286377181146971E+06
DART, 169000, 169500,  -1.423313689822981E+08  -2.498106358827971E+07  -2.688212089526052E+06
DART, 169500, 170000,  -1.422149012988764E+08  -2.581543475878899E+07  -3.089930405357478E+06
DART, 170000, 170500,  -1.420927201330268E+08  -2.664874422523911E+07  -3.491515951672699E+06
DART, 170500, 171000,  -1.419648357016239E+08  -2.748095923275150E+07  -3.892952586609940E+06
DART, 171000, 171500,  -1.418312584677352E+08  -2.831204712415452E+07  -4.294224206331700E+06
DART, 171500, 172000,  -1.416919991370597E+08  -2.914197535463905E+07  -4.695314742445298E+06
DART, 172000, 172500,  -1.415470686559342E+08  -2.997071149707110E+07  -5.096208166045389E+06
DART, 172500, 173000,  -1.413964782100739E+08  -3.079822323950457E+07  -5.496888488730204E+06
DART, 173000, 173500,  -1.412402392232098E+08  -3.162447838843348E+07  -5.897339759831139E+06
DART, 173500, 174000,  -1.410783633554618E+08  -3.244944486937198E+07  -6.297546069522929E+06
DART, 174000, 174500,  -1.409108625020494E+08  -3.327309072621222E+07  -6.697491550406572E+06
DART, 174500, 175000,  -1.407377487921649E+08  -3.409538412370415E+07  -7.097160376399609E+06
DART, 175000, 175500,  -1.405590345871482E+08  -3.491629334791377E+07  -7.496536764592791E+06
DART, 175500, 176000,  -1.403747324782846E+08  -3.573578681109598E+07  -7.895604975818919E+06
DART, 176000, 176500,  -1.401848552857253E+08  -3.655383305082553E+07  -8.294349316160023E+06
DART, 176500, 177000,  -1.399894160557698E+08  -3.737040073660052E+07  -8.692754136072693E+06
DART, 177000, 177500,  -1.397884280626960E+08  -3.818545865551894E+07  -9.090803832124634E+06
DART, 177500, 178000,  -1.395819048044610E+08  -3.899897572655036E+07  -9.488482847652048E+06
DART, 178000, 178500,  -1.393698600006848E+08  -3.981092100254555E+07  -9.885775671432065E+06
DART, 178500, 179000,  -1.391523075926189E+08  -4.062126366593466E+07  -1.028266684248883E+07
DART, 179000, 179500,  -1.389292617408593E+08  -4.142997303190733E+07  -1.067914094881058E+07
DART, 179500, 180000,  -1.387007368229947E+08  -4.223701855270431E+07  -1.107518262627267E+07
DART, 180000, 180500,  -1.384667474325963E+08  -4.304236981587387E+07  -1.147077656172263E+07
DART, 180500, 181000,  -1.382273083778044E+08  -4.384599654479329E+07  -1.186590749464053E+07
DART, 181000, 181500,  -1.379824346785735E+08  -4.464786860398850E+07  -1.226056021387237E+07
DART, 181500, 182000,  -1.377321415673112E+08  -4.544795599266206E+07  -1.265471955910531E+07
DART, 182000, 182500,  -1.374764444873653E+08  -4.624622884643953E+07  -1.304837042356599E+07
DART, 182500, 183000,  -1.372153590887626E+08  -4.704265744511010E+07  -1.344149775492692E+07
DART, 183000, 183500,  -1.369489012260810E+08  -4.783721221542234E+07  -1.383408655398556E+07
DART, 183500, 184000,  -1.366770869592358E+08  -4.862986372549510E+07  -1.422612187641633E+07
DART, 184000, 184500,  -1.363999326765443E+08  -4.942058355323321E+07  -1.461758843271187E+07
DART, 184500, 185000,  -1.361174542368812E+08  -5.020934141336678E+07  -1.500847224048141E+07
DART, 185000, 185500,  -1.358296687844796E+08  -5.099610858223093E+07  -1.539875807111289E+07
DART, 185500, 186000,  -1.355365931804246E+08  -5.178085621117274E+07  -1.578843120411584E+07
DART, 186000, 186500,  -1.352382444819251E+08  -5.256355559882954E+07  -1.617747697885169E+07
DART, 186500, 187000,  -1.349346399390793E+08  -5.334417819724533E+07  -1.656588079172458E+07
DART, 187000, 187500,  -1.346257969976315E+08  -5.412269560154448E+07  -1.695362809574997E+07
DART, 187500, 188000,  -1.343117332910679E+08  -5.489907956629241E+07  -1.734070440397185E+07
DART, 188000, 188500,  -1.339924666442547E+08  -5.567330199156481E+07  -1.772709529039501E+07
DART, 188500, 189000,  -1.336680150694670E+08  -5.644533493181638E+07  -1.811278638824178E+07
DART, 189000, 189500,  -1.333383967642350E+08  -5.721515059720713E+07  -1.849776339138950E+07
DART, 189500, 190000,  -1.330036301089104E+08  -5.798272135387967E+07  -1.888201205458767E+07
DART, 190000, 190500,  -1.326637336664896E+08  -5.874801972354537E+07  -1.926551819576559E+07
DART, 190500, 191000,  -1.323187261809787E+08  -5.951101838301307E+07  -1.964826769474882E+07
DART, 191000, 191500,  -1.319686265745252E+08  -6.027169016824695E+07  -2.003024649278039E+07
DART, 191500, 192000,  -1.316134539466620E+08  -6.103000807251194E+07  -2.041144059725235E+07
DART, 192000, 192500,  -1.312532275728304E+08  -6.178594524697257E+07  -2.079183607743199E+07
DART, 192500, 193000,  -1.308879669030135E+08  -6.253947500059978E+07  -2.117141906509818E+07
DART, 193000, 193500,  -1.305176915567990E+08  -6.329057080702753E+07  -2.155017575871817E+07
DART, 193500, 194000,  -1.301424213248183E+08  -6.403920629931992E+07  -2.192809242134299E+07
DART, 194000, 194500,  -1.297621761667974E+08  -6.478535527041160E+07  -2.230515538182513E+07
DART, 194500, 195000,  -1.293769762080648E+08  -6.552899167752670E+07  -2.268135103721101E+07
DART, 195000, 195500,  -1.289868417401748E+08  -6.627008963906958E+07  -2.305666584853239E+07
DART, 195500, 196000,  -1.285917932147173E+08  -6.700862344328813E+07  -2.343108634502685E+07
DART, 196000, 196500,  -1.281918512478070E+08  -6.774456753630757E+07  -2.380459912235581E+07
DART, 196500, 197000,  -1.277870366155672E+08  -6.847789652928302E+07  -2.417719084243666E+07
DART, 197000, 197500,  -1.273773702508695E+08  -6.920858520087159E+07  -2.454884823654637E+07
DART, 197500, 198000,  -1.269628732427277E+08  -6.993660849600421E+07  -2.491955810447973E+07
DART, 198000, 198500,  -1.265435668345863E+08  -7.066194152710612E+07  -2.528930731387708E+07
DART, 198500, 199000,  -1.261194724224003E+08  -7.138455957384729E+07  -2.565808280197692E+07
DART, 199000, 199500,  -1.256906115530092E+08  -7.210443808339098E+07  -2.602587157698255E+07
DART, 199500, 200000,  -1.252570059234851E+08  -7.282155266984439E+07  -2.639266071553374E+07
DART, 200000, 200500,  -1.248186773780758E+08  -7.353587911723988E+07  -2.675843736480708E+07
DART, 200500, 201000,  -1.243756479067126E+08  -7.424739337832007E+07  -2.712318874382662E+07
DART, 201000, 201500,  -1.239279396435122E+08  -7.495607157607135E+07  -2.748690214081710E+07
DART, 201500, 202000,  -1.234755748664950E+08  -7.566189000152037E+07  -2.784956491533978E+07
DART, 202000, 202500,  -1.230185759915971E+08  -7.636482512004271E+07  -2.821116449871707E+07
DART, 202500, 203000,  -1.225569655756712E+08  -7.706485356524868E+07  -2.857168839393435E+07
DART, 203000, 203500,  -1.220907663124250E+08  -7.776195214253163E+07  -2.893112417696772E+07
DART, 203500, 204000,  -1.216200013328199E+08  -7.845609814213024E+07  -2.928945952016773E+07
DART, 204000, 204500,  -1.211446947624003E+08  -7.914726991735542E+07  -2.964668223384098E+07
DART, 204500, 205000,  -1.206648682327970E+08  -7.983544327300443E+07  -3.000277999769961E+07
DART, 205000, 205500,  -1.201805449686432E+08  -8.052059570616156E+07  -3.035774067738385E+07
DART, 205500, 206000,  -1.196917483248101E+08  -8.120270488461205E+07  -3.071155221329939E+07
DART, 206000, 206500,  -1.191985017828817E+08  -8.188174865005311E+07  -3.106420261967384E+07
DART, 206500, 207000,  -1.187008289488552E+08  -8.255770501962616E+07  -3.141567998473198E+07
DART, 207000, 207500,  -1.181987535498738E+08  -8.323055218744479E+07  -3.176597247241209E+07
DART, 207500, 208000,  -1.176922994442129E+08  -8.390026850979762E+07  -3.211506831806433E+07
DART, 208000, 208500,  -1.171814906043468E+08  -8.456683252592775E+07  -3.246295583327469E+07
DART, 208500, 209000,  -1.166663511219666E+08  -8.523022294928446E+07  -3.280962340439977E+07
DART, 209000, 209500,  -1.161469052054981E+08  -8.589041866845520E+07  -3.315505949339968E+07
DART, 209500, 210000,  -1.156231771765774E+08  -8.654739875013836E+07  -3.349925263841635E+07
DART, 210000, 210500,  -1.150951914743835E+08  -8.720114243120639E+07  -3.384219145191313E+07
DART, 210500, 211000,  -1.145629726492122E+08  -8.785162912616947E+07  -3.418386462116738E+07
DART, 211000, 211500,  -1.140265453615487E+08  -8.849883842525393E+07  -3.452426090987799E+07
DART, 211500, 212000,  -1.134859343804987E+08  -8.914275009475058E+07  -3.486336915885921E+07
DART, 212000, 212500,  -1.129411645822455E+08  -8.978334407692763E+07  -3.520117828509413E+07
DART, 212500, 213000,  -1.123922609464314E+08  -9.042060049255055E+07  -3.553767728290188E+07
DART, 213000, 213500,  -1.118392485502771E+08  -9.105449964682001E+07  -3.587285522311137E+07
DART, 213500, 214000,  -1.112821525910240E+08  -9.168502200006403E+07  -3.620670125042644E+07
DART, 214000, 214500,  -1.107209983572278E+08  -9.231214820027304E+07  -3.653920458771916E+07
DART, 214500, 215000,  -1.101558112369406E+08  -9.293585907173137E+07  -3.687035453529574E+07
DART, 215000, 215500,  -1.095866167139670E+08  -9.355613561698447E+07  -3.720014047186454E+07
DART, 215500, 216000,  -1.090134403649562E+08  -9.417295901870723E+07  -3.752855185380112E+07
DART, 216000, 216500,  -1.084363078733266E+08  -9.478631062326266E+07  -3.785557821031008E+07
DART, 216500, 217000,  -1.078552450077956E+08  -9.539617196146704E+07  -3.818120915125989E+07
DART, 217000, 217500,  -1.072702776279628E+08  -9.600252474160171E+07  -3.850543436386444E+07
DART, 217500, 218000,  -1.066814316804031E+08  -9.660535085138781E+07  -3.882824361378100E+07
DART, 218000, 218500,  -1.060887332030523E+08  -9.720463235192174E+07  -3.914962674335586E+07
DART, 218500, 219000,  -1.054922083198216E+08  -9.780035148127490E+07  -3.946957367463222E+07
DART, 219000, 219500,  -1.048918832398834E+08  -9.839249065409431E+07  -3.978807440729083E+07
DART, 219500, 220000,  -1.042877842559289E+08  -9.898103246220994E+07  -4.010511901789300E+07
DART, 220000, 220500,  -1.036799377423463E+08  -9.956595967419837E+07  -4.042069766127989E+07
DART, 220500, 221000,  -1.030683701546172E+08  -1.001472552346008E+08  -4.073480057103348E+07
DART, 221000, 221500,  -1.024531080261052E+08  -1.007249022656879E+08  -4.104741805905338E+07
DART, 221500, 222000,  -1.018341779658412E+08  -1.012988840672670E+08  -4.135854051653271E+07
DART, 222000, 222500,  -1.012116066645985E+08  -1.018691841104914E+08  -4.166815841082436E+07
DART, 222500, 223000,  -1.005854208764720E+08  -1.024357860488814E+08  -4.197626229817745E+07
DART, 223000, 223500,  -9.995564756020172E+07  -1.029986737138716E+08  -4.228284283415343E+07
DART, 223500, 224000,  -9.932231352136001E+07  -1.035578310940150E+08  -4.258789068017165E+07
DART, 224000, 224500,  -9.868544571366064E+07  -1.041132423796634E+08  -4.289139662224296E+07
DART, 224500, 225000,  -9.804507118178841E+07  -1.046648919253884E+08  -4.319335152227678E+07
DART, 225000, 225500,  -9.740121703276314E+07  -1.052127642652068E+08  -4.349374632099143E+07
DART, 225500, 226000,  -9.675391040286157E+07  -1.057568441378585E+08  -4.379257204744818E+07
DART, 226000, 226500,  -9.610317857697800E+07  -1.062971163891669E+08  -4.408981978780624E+07
DART, 226500, 227000,  -9.544904886576097E+07  -1.068335660703603E+08  -4.438548071651410E+07
DART, 227000, 227500,  -9.479154863545176E+07  -1.073661784121946E+08  -4.467954608901298E+07
DART, 227500, 228000,  -9.413070531075440E+07  -1.078949388210918E+08  -4.497200723830762E+07
DART, 228000, 228500,  -9.346654636776148E+07  -1.084198328839873E+08  -4.526285557788739E+07
DART, 228500, 229000,  -9.279909935321109E+07  -1.089408463511113E+08  -4.555208259791958E+07
DART, 229000, 229500,  -9.212839189345211E+07  -1.094579651337657E+08  -4.583967986299358E+07
DART, 229500, 230000,  -9.145445164924967E+07  -1.099711753431312E+08  -4.612563902955619E+07
DART, 230000, 230500,  -9.077730626957335E+07  -1.104804632766533E+08  -4.640995182625902E+07
DART, 230500, 231000,  -9.009698352996737E+07  -1.109858153696899E+08  -4.669261005240090E+07
DART, 231000, 231500,  -8.941351126077227E+07  -1.114872182289413E+08  -4.697360558768132E+07
DART, 231500, 232000,  -8.872691730618505E+07  -1.119846586581388E+08  -4.725293039643459E+07
DART, 232000, 232500,  -8.803722957191817E+07  -1.124781236239659E+08  -4.753057651917920E+07
DART, 232500, 233000,  -8.734447600582510E+07  -1.129676002683871E+08  -4.780653607596537E+07
DART, 233000, 233500,  -8.664868460034458E+07  -1.134530759052198E+08  -4.808080126395138E+07
DART, 233500, 234000,  -8.594988340698627E+07  -1.139345380102054E+08  -4.835336435599198E+07
DART, 234000, 234500,  -8.524810050313437E+07  -1.144119742416426E+08  -4.862421770764276E+07
DART, 234500, 235000,  -8.454336402360943E+07  -1.148853724187406E+08  -4.889335374816348E+07
DART, 235000, 235500,  -8.383570214850050E+07  -1.153547205294934E+08  -4.916076498537395E+07
DART, 235500, 236000,  -8.312514309141342E+07  -1.158200067473595E+08  -4.942644401356790E+07
DART, 236000, 236500,  -8.241171506153169E+07  -1.162812194150437E+08  -4.969038349629568E+07
DART, 236500, 237000,  -8.169544633540620E+07  -1.167383470379993E+08  -4.995257617644276E+07
DART, 237000, 237500,  -8.097636522746146E+07  -1.171913782907460E+08  -5.021301487558536E+07
DART, 237500, 238000,  -8.025450008546917E+07  -1.176403020170490E+08  -5.047169249285448E+07
DART, 238000, 238500,  -7.952987928586276E+07  -1.180851072320485E+08  -5.072860200473685E+07
DART, 238500, 239000,  -7.880253123989980E+07  -1.185257831165866E+08  -5.098373646548355E+07
DART, 239000, 239500,  -7.807248438880950E+07  -1.189623190198580E+08  -5.123708900685538E+07
DART, 239500, 240000,  -7.733976720285639E+07  -1.193947044587764E+08  -5.148865283827037E+07
DART, 240000, 240500,  -7.660440818004428E+07  -1.198229291176603E+08  -5.173842124548943E+07
DART, 240500, 241000,  -7.586643584536465E+07  -1.202469828473329E+08  -5.198638759197863E+07
DART, 241000, 241500,  -7.512587874427924E+07  -1.206668556677736E+08  -5.223254531882431E+07
DART, 241500, 242000,  -7.438276544900700E+07  -1.210825377640763E+08  -5.247688794277503E+07
DART, 242000, 242500,  -7.363712456113036E+07  -1.214940194828116E+08  -5.271940905647374E+07
DART, 242500, 243000,  -7.288898468960907E+07  -1.219012913437185E+08  -5.296010233277249E+07
DART, 243000, 243500,  -7.213837051390381E+07  -1.223043421340090E+08  -5.319895782986181E+07
DART, 243500, 244000,  -7.138531235993309E+07  -1.227031634991078E+08  -5.343597092969351E+07
DART, 244000, 244500,  -7.062984122288644E+07  -1.230977475296376E+08  -5.367113766372437E+07
DART, 244500, 245000,  -6.987198582436585E+07  -1.234880853842915E+08  -5.390445200164174E+07
DART, 245000, 245500,  -6.911177486544019E+07  -1.238741684032889E+08  -5.413590799772915E+07
DART, 245500, 246000,  -6.834923706236842E+07  -1.242559880886861E+08  -5.436549978341427E+07
DART, 246000, 246500,  -6.758440114756955E+07  -1.246335361041252E+08  -5.459322156435447E+07
DART, 246500, 247000,  -6.681729586511966E+07  -1.250068042760852E+08  -5.481906762127778E+07
DART, 247000, 247500,  -6.604794997127353E+07  -1.253757845912969E+08  -5.504303231198572E+07
DART, 247500, 248000,  -6.527639223589663E+07  -1.257404691971283E+08  -5.526511006905083E+07
DART, 248000, 248500,  -6.450265144799886E+07  -1.261008503979682E+08  -5.548529539781809E+07
DART, 248500, 249000,  -6.372675644507179E+07  -1.264569206420549E+08  -5.570358286923002E+07
DART, 249000, 249500,  -6.294873605194860E+07  -1.268086725450810E+08  -5.591996713518307E+07
DART, 249500, 250000,  -6.216861907063479E+07  -1.271560988951583E+08  -5.613444292683684E+07
DART, 250000, 250500,  -6.138643430928963E+07  -1.274991926379771E+08  -5.634700505085530E+07
DART, 250500, 251000,  -6.060221058008305E+07  -1.278379468780206E+08  -5.655764838780312E+07
DART, 251000, 251500,  -5.981597670480961E+07  -1.281723548747261E+08  -5.676636789359868E+07
DART, 251500, 252000,  -5.902776152724703E+07  -1.285024100384310E+08  -5.697315859329160E+07
DART, 252000, 252500,  -5.823759389352503E+07  -1.288281059359826E+08  -5.717801558505576E+07
DART, 252500, 253000,  -5.744550264107300E+07  -1.291494362936247E+08  -5.738093404443984E+07
DART, 253000, 253500,  -5.665151660361210E+07  -1.294663949963410E+08  -5.758190921842747E+07
DART, 253500, 254000,  -5.585566461673734E+07  -1.297789760824119E+08  -5.778093642910320E+07
DART, 254000, 254500,  -5.505797551321890E+07  -1.300871737454844E+08  -5.797801107136807E+07
DART, 254500, 255000,  -5.425847812575699E+07  -1.303909823325487E+08  -5.817312861353156E+07
DART, 255000, 255500,  -5.345720128173900E+07  -1.306903963455565E+08  -5.836628459571871E+07
DART, 255500, 256000,  -5.265417380417538E+07  -1.309854104390174E+08  -5.855747463238595E+07
DART, 256000, 256500,  -5.184942450342840E+07  -1.312760194229193E+08  -5.874669441155107E+07
DART, 256500, 257000,  -5.104298219811446E+07  -1.315622182543082E+08  -5.893393969176663E+07
DART, 257000, 257500,  -5.023487569412097E+07  -1.318440020453096E+08  -5.911920630216451E+07
DART, 257500, 258000,  -4.942513378827112E+07  -1.321213660590808E+08  -5.930249014465850E+07
DART, 258000, 258500,  -4.861378526831672E+07  -1.323943057100136E+08  -5.948378719352079E+07
DART, 258500, 259000,  -4.780085890955394E+07  -1.326628165617086E+08  -5.966309349847226E+07
DART, 259000, 259500,  -4.698638348185376E+07  -1.329268943270695E+08  -5.984040517714255E+07
DART, 259500, 260000,  -4.617038774294869E+07  -1.331865348697492E+08  -6.001571841605976E+07
DART, 260000, 260500,  -4.535290043871126E+07  -1.334417342015044E+08  -6.018902947457247E+07
DART, 260500, 261000,  -4.453395030250117E+07  -1.336924884813531E+08  -6.036033468399113E+07
DART, 261000, 261500,  -4.371356605372517E+07  -1.339387940165332E+08  -6.052963044590819E+07
DART, 261500, 262000,  -4.289177636886798E+07  -1.341806472701972E+08  -6.069691323743361E+07
DART, 262000, 262500,  -4.206860989157840E+07  -1.344180448560926E+08  -6.086217961244874E+07
DART, 262500, 263000,  -4.124409535840490E+07  -1.346509835027536E+08  -6.102542616674962E+07
DART, 263000, 263500,  -4.041826142449632E+07  -1.348794601037777E+08  -6.118664958122996E+07
DART, 263500, 264000,  -3.959113672813483E+07  -1.351034716969355E+08  -6.134584660793085E+07
DART, 264000, 264500,  -3.876274988986700E+07  -1.353230154653627E+08  -6.150301406608618E+07
DART, 264500, 265000,  -3.793312951085418E+07  -1.355380887338322E+08  -6.165814884905785E+07
DART, 265000, 265500,  -3.710230417100692E+07  -1.357486889732000E+08  -6.181124791506236E+07
DART, 265500, 266000,  -3.627030242852594E+07  -1.359548137963969E+08  -6.196230829364025E+07
DART, 266000, 266500,  -3.543715284221490E+07  -1.361564609557915E+08  -6.211132707086410E+07
DART, 266500, 267000,  -3.460288390385319E+07  -1.363536283526362E+08  -6.225830142417959E+07
DART, 267000, 267500,  -3.376752410379162E+07  -1.365463140256698E+08  -6.240322858756922E+07
DART, 267500, 268000,  -3.293110191043590E+07  -1.367345161545453E+08  -6.254610586311400E+07
DART, 268000, 268500,  -3.209364576262816E+07  -1.369182330607764E+08  -6.268693061927968E+07
DART, 268500, 269000,  -3.125518405976228E+07  -1.370974632060866E+08  -6.282570029890118E+07
DART, 269000, 269500,  -3.041574519482458E+07  -1.372722051890293E+08  -6.296241240741351E+07
DART, 269500, 270000,  -2.957535755724661E+07  -1.374424577434362E+08  -6.309706451324019E+07
DART, 270000, 270500,  -2.873404948503243E+07  -1.376082197463968E+08  -6.322965425341989E+07
DART, 270500, 271000,  -2.789184929082586E+07  -1.377694902106269E+08  -6.336017933522929E+07
DART, 271000, 271500,  -2.704878525819983E+07  -1.379262682863047E+08  -6.348863753154869E+07
DART, 271500, 272000,  -2.620488563911490E+07  -1.380785532609516E+08  -6.361502668129199E+07
DART, 272000, 272500,  -2.536017865706829E+07  -1.382263445571973E+08  -6.373934469077287E+07
DART, 272500, 273000,  -2.451469250486791E+07  -1.383696417337475E+08  -6.386158953033569E+07
DART, 273000, 273500,  -2.366845534313231E+07  -1.385084444858861E+08  -6.398175923349438E+07
DART, 273500, 274000,  -2.282149530218617E+07  -1.386427526415334E+08  -6.409985190272640E+07
DART, 274000, 274500,  -2.197384048320796E+07  -1.387725661606513E+08  -6.421586570907167E+07
DART, 274500, 275000,  -2.112551892509006E+07  -1.388978851272109E+08  -6.432979890218490E+07
DART, 275000, 275500,  -2.027655868042903E+07  -1.390187097800074E+08  -6.444164976436913E+07
DART, 275500, 276000,  -1.942698775284890E+07  -1.391350404793611E+08  -6.455141665643930E+07
DART, 276000, 276500,  -1.857683407279579E+07  -1.392468777188878E+08  -6.465909801140981E+07
DART, 276500, 277000,  -1.772612555576425E+07  -1.393542221227315E+08  -6.476469232185681E+07
DART, 277000, 277500,  -1.687489013327966E+07  -1.394570744428228E+08  -6.486819813505826E+07
DART, 277500, 278000,  -1.602315566296519E+07  -1.395554355624080E+08  -6.496961407143418E+07
DART, 278000, 278500,  -1.517094996322474E+07  -1.396493064953450E+08  -6.506893881246775E+07
DART, 278500, 279000,  -1.431830081544160E+07  -1.397386883838972E+08  -6.516617110451130E+07
DART, 279000, 279500,  -1.346523596062245E+07  -1.398235824987066E+08  -6.526130975792631E+07
DART, 279500, 280000,  -1.261178310236523E+07  -1.399039902389080E+08  -6.535435364487121E+07
DART, 280000, 280500,  -1.175796990562047E+07  -1.399799131323970E+08  -6.544530169798906E+07
DART, 280500, 281000,  -1.090382399457474E+07  -1.400513528320953E+08  -6.553415291576901E+07
DART, 281000, 281500,  -1.004937295281400E+07  -1.401183111172323E+08  -6.562090636027109E+07
DART, 281500, 282000,  -9.194644327756977E+06  -1.401807898953864E+08  -6.570556115195975E+07
DART, 282000, 282500,  -8.339665634817872E+06  -1.402387912007586E+08  -6.578811647433954E+07
DART, 282500, 283000,  -7.484464316326380E+06  -1.402923171849445E+08  -6.586857157485531E+07
DART, 283000, 283500,  -6.629067788384793E+06  -1.403413701283194E+08  -6.594692576094724E+07
DART, 283500, 284000,  -5.773503424631510E+06  -1.403859524346957E+08  -6.602317840198106E+07
DART, 284000, 284500,  -4.917798555382962E+06  -1.404260666320320E+08  -6.609732892679527E+07
DART, 284500, 285000,  -4.061980428120455E+06  -1.404617153696664E+08  -6.616937683087814E+07
DART, 285000, 285500,  -3.206076316140323E+06  -1.404929014206572E+08  -6.623932166171547E+07
DART, 285500, 286000,  -2.350113429521505E+06  -1.405196276800753E+08  -6.630716302810969E+07
DART, 286000, 286500,  -1.494118917151443E+06  -1.405418971631239E+08  -6.637290060208690E+07
DART, 286500, 287000,  -6.381198837734701E+05  -1.405597130080685E+08  -6.643653411133360E+07
DART, 287000, 287500,   2.178566096043580E+05  -1.405730784701338E+08  -6.649806334949367E+07
DART, 287500, 288000,   1.073783547269897E+06  -1.405819969249928E+08  -6.655748816892903E+07
DART, 288000, 288500,   1.929633960085112E+06  -1.405864718671702E+08  -6.661480848091668E+07
DART, 288500, 289000,   2.785380933480923E+06  -1.405865069116277E+08  -6.667002425312761E+07
DART, 289000, 289500,   3.640997598517369E+06  -1.405821057901326E+08  -6.672313551501529E+07
DART, 289500, 290000,   4.496457128562449E+06  -1.405732723521027E+08  -6.677414235390645E+07
DART, 290000, 290500,   5.351732751301160E+06  -1.405600105645710E+08  -6.682304491484001E+07
DART, 290500, 291000,   6.206797743131138E+06  -1.405423245120980E+08  -6.686984339987405E+07
DART, 291000, 291500,   7.061625431469919E+06  -1.405202183940800E+08  -6.691453807101011E+07
DART, 291500, 292000,   7.916189193952149E+06  -1.404936965262353E+08  -6.695712924729902E+07
DART, 292000, 292500,   8.770462457843291E+06  -1.404627633381118E+08  -6.699761730835039E+07
DART, 292500, 293000,   9.624418695148088E+06  -1.404274233747037E+08  -6.703600268925981E+07
DART, 293000, 293500,   1.047803143589566E+07  -1.403876812964754E+08  -6.707228587936050E+07
DART, 293500, 294000,   1.133127426108913E+07  -1.403435418763214E+08  -6.710646742825026E+07
DART, 294000, 294500,   1.218412080348901E+07  -1.402950100006163E+08  -6.713854794109230E+07
DART, 294500, 295000,   1.303654475105726E+07  -1.402420906687247E+08  -6.716852807876775E+07
DART, 295000, 295500,   1.388851984388301E+07  -1.401847889902546E+08  -6.719640856357481E+07
DART, 295500, 296000,   1.474001987094761E+07  -1.401231101881002E+08  -6.722219017014121E+07
DART, 296000, 296500,   1.559101867799704E+07  -1.400570595960501E+08  -6.724587372992077E+07
DART, 296500, 297000,   1.644149016439017E+07  -1.399866426586294E+08  -6.726746012999581E+07
DART, 297000, 297500,   1.729140828359909E+07  -1.399118649305835E+08  -6.728695031351498E+07
DART, 297500, 298000,   1.814074705095067E+07  -1.398327320762054E+08  -6.730434527824521E+07
DART, 298000, 298500,   1.898948052615217E+07  -1.397492498699531E+08  -6.731964607683432E+07
DART, 298500, 299000,   1.983758283211273E+07  -1.396614241948917E+08  -6.733285381601425E+07
DART, 299000, 299500,   2.068502814335272E+07  -1.395692610415936E+08  -6.734396966010447E+07
DART, 299500, 300000,   2.153179069266111E+07  -1.394727665083148E+08  -6.735299482777867E+07
DART, 300000, 300500,   2.237784477024323E+07  -1.393719468012426E+08  -6.735993059089077E+07
DART, 300500, 301000,   2.322316472109632E+07  -1.392668082345971E+08  -6.736477827434568E+07
DART, 301000, 301500,   2.406772494783488E+07  -1.391573572279932E+08  -6.736753925820038E+07
DART, 301500, 302000,   2.491149990929018E+07  -1.390436003073728E+08  -6.736821497661304E+07
DART, 302000, 302500,   2.575446413373902E+07  -1.389255441020302E+08  -6.736680691801164E+07
DART, 302500, 303000,   2.659659218863225E+07  -1.388031953506405E+08  -6.736331662182029E+07
DART, 303000, 303500,   2.743785870991417E+07  -1.386765608933109E+08  -6.735774568379620E+07
DART, 303500, 304000,   2.827823839585210E+07  -1.385456476743435E+08  -6.735009575129440E+07
DART, 304000, 304500,   2.911770599493502E+07  -1.384104627437074E+08  -6.734036852387966E+07
DART, 304500, 305000,   2.995623632126942E+07  -1.382710132532664E+08  -6.732856575428730E+07
DART, 305000, 305500,   3.079380424845844E+07  -1.381273064580399E+08  -6.731468924705459E+07
DART, 305500, 306000,   3.163038470690288E+07  -1.379793497157806E+08  -6.729874085987023E+07
DART, 306000, 306500,   3.246595269290411E+07  -1.378271504847871E+08  -6.728072250224464E+07
DART, 306500, 307000,   3.330048325775973E+07  -1.376707163262718E+08  -6.726063613564196E+07
DART, 307000, 307500,   3.413395151499729E+07  -1.375100549022554E+08  -6.723848377336273E+07
DART, 307500, 308000,   3.496633263966236E+07  -1.373451739754930E+08  -6.721426747932130E+07
DART, 308000, 308500,   3.579760186892676E+07  -1.371760814086742E+08  -6.718798936915623E+07
DART, 308500, 309000,   3.662773450810444E+07  -1.370027851620041E+08  -6.715965161077349E+07
DART, 309000, 309500,   3.745670591410416E+07  -1.368252932984751E+08  -6.712925642131758E+07
DART, 309500, 310000,   3.828449150999359E+07  -1.366436139787108E+08  -6.709680606916581E+07
DART, 310000, 310500,   3.911106678512068E+07  -1.364577554606186E+08  -6.706230287394233E+07
DART, 310500, 311000,   3.993640728781182E+07  -1.362677261326994E+08  -6.702574919307367E+07
DART, 311000, 311500,   4.076048863472973E+07  -1.360735344756985E+08  -6.698714743979890E+07
DART, 311500, 312000,   4.158328650985877E+07  -1.358751890441845E+08  -6.694650008679350E+07
DART, 312000, 312500,   4.240477666085156E+07  -1.356726984894840E+08  -6.690380965637875E+07
DART, 312500, 313000,   4.322493489932991E+07  -1.354660715591907E+08  -6.685907872054589E+07
DART, 313000, 313500,   4.404373710065985E+07  -1.352553170961226E+08  -6.681230990089324E+07
DART, 313500, 314000,   4.486115917857121E+07  -1.350404439922244E+08  -6.676350587005008E+07
DART, 314000, 314500,   4.567717714081755E+07  -1.348214612416621E+08  -6.671266935271789E+07
DART, 314500, 315000,   4.649176706624725E+07  -1.345983779634703E+08  -6.665980311685365E+07
DART, 315000, 315500,   4.730490503339127E+07  -1.343712033983383E+08  -6.660490996941274E+07
DART, 315500, 316000,   4.811656723482578E+07  -1.341399468605504E+08  -6.654799277329554E+07
DART, 316000, 316500,   4.892672992818314E+07  -1.339046177576328E+08  -6.648905444086782E+07
DART, 316500, 317000,   4.973536943192001E+07  -1.336652256088257E+08  -6.642809792267829E+07
DART, 317000, 317500,   5.054246214167642E+07  -1.334217799906345E+08  -6.636512623606160E+07
DART, 317500, 318000,   5.134798451155747E+07  -1.331742905878472E+08  -6.630014243674487E+07
DART, 318000, 318500,   5.215191306160487E+07  -1.329227671792825E+08  -6.623314962815982E+07
DART, 318500, 319000,   5.295422438263377E+07  -1.326672196340590E+08  -6.616415096012649E+07
DART, 319000, 319500,   5.375489513150396E+07  -1.324076579123006E+08  -6.609314963097543E+07
DART, 319500, 320000,   5.455390203313428E+07  -1.321440920647706E+08  -6.602014888565163E+07
DART, 320000, 320500,   5.535122187972520E+07  -1.318765322326428E+08  -6.594515201622608E+07
DART, 320500, 321000,   5.614683153278884E+07  -1.316049886463512E+08  -6.586816236186192E+07
DART, 321000, 321500,   5.694070791790273E+07  -1.313294716279382E+08  -6.578918330761092E+07
DART, 321500, 322000,   5.773282803049382E+07  -1.310499915874700E+08  -6.570821828575985E+07
DART, 322000, 322500,   5.852316893462519E+07  -1.307665590239217E+08  -6.562527077485657E+07
DART, 322500, 323000,   5.931170776288150E+07  -1.304791845247277E+08  -6.554034429962710E+07
DART, 323000, 323500,   6.009842171735066E+07  -1.301878787651990E+08  -6.545344243036925E+07
DART, 323500, 324000,   6.088328806814191E+07  -1.298926525085056E+08  -6.536456878431306E+07
DART, 324000, 324500,   6.166628415237956E+07  -1.295935166064672E+08  -6.527372702361742E+07
DART, 324500, 325000,   6.244738737700543E+07  -1.292904819977003E+08  -6.518092085648504E+07
DART, 325000, 325500,   6.322657521970955E+07  -1.289835597068573E+08  -6.508615403712437E+07
DART, 325500, 326000,   6.400382523006856E+07  -1.286727608432637E+08  -6.498943036535397E+07
DART, 326000, 326500,   6.477911502407791E+07  -1.283580966043582E+08  -6.489075368565488E+07
DART, 326500, 327000,   6.555242229736257E+07  -1.280395782679459E+08  -6.479012788811991E+07
DART, 327000, 327500,   6.632372480326256E+07  -1.277172172043467E+08  -6.468755690586752E+07
DART, 327500, 328000,   6.709300037445134E+07  -1.273910248636020E+08  -6.458304471802696E+07
DART, 328000, 328500,   6.786022690603416E+07  -1.270610127848630E+08  -6.447659534784623E+07
DART, 328500, 329000,   6.862538236585194E+07  -1.267271925905616E+08  -6.436821286272310E+07
DART, 329000, 329500,   6.938844479626609E+07  -1.263895759851218E+08  -6.425790137404575E+07
DART, 329500, 330000,   7.014939230949247E+07  -1.260481747570669E+08  -6.414566503808891E+07
DART, 330000, 330500,   7.090820309139134E+07  -1.257030007774100E+08  -6.403150805371512E+07
DART, 330500, 331000,   7.166485539954326E+07  -1.253540659995716E+08  -6.391543466432898E+07
DART, 331000, 331500,   7.241932756215732E+07  -1.250013824600897E+08  -6.379744915746534E+07
DART, 331500, 332000,   7.317159797805287E+07  -1.246449622785091E+08  -6.367755586339980E+07
DART, 332000, 332500,   7.392164512044738E+07  -1.242848176549560E+08  -6.355575915624863E+07
DART, 332500, 333000,   7.466944753385161E+07  -1.239209608713591E+08  -6.343206345396538E+07
DART, 333000, 333500,   7.541498383258298E+07  -1.235534042928616E+08  -6.330647321639549E+07
DART, 333500, 334000,   7.615823270652238E+07  -1.231821603639539E+08  -6.317899294621830E+07
DART, 334000, 334500,   7.689917291843420E+07  -1.228072416096908E+08  -6.304962718880555E+07
DART, 334500, 335000,   7.763778330407055E+07  -1.224286606353254E+08  -6.291838053241237E+07
DART, 335000, 335500,   7.837404277246742E+07  -1.220464301259238E+08  -6.278525760777440E+07
DART, 335500, 336000,   7.910793030738860E+07  -1.216605628455195E+08  -6.265026308718500E+07
DART, 336000, 336500,   7.983942496470840E+07  -1.212710716380156E+08  -6.251340168655163E+07
DART, 336500, 337000,   8.056850588242476E+07  -1.208779694206526E+08  -6.237467816407804E+07
DART, 337000, 337500,   8.129515225988133E+07  -1.204812691982878E+08  -6.223409731802820E+07
DART, 337500, 338000,   8.201934337467493E+07  -1.200809840512930E+08  -6.209166398903357E+07
DART, 338000, 338500,   8.274105858264598E+07  -1.196771271348416E+08  -6.194738306015513E+07
DART, 338500, 339000,   8.346027731484370E+07  -1.192697116814024E+08  -6.180125945616945E+07
DART, 339000, 339500,   8.417697907394500E+07  -1.188587510035220E+08  -6.165329814219923E+07
DART, 339500, 340000,   8.489114343106888E+07  -1.184442584956530E+08  -6.150350412375259E+07
DART, 340000, 340500,   8.560275003806455E+07  -1.180262476243957E+08  -6.135188244887290E+07
DART, 340500, 341000,   8.631177862289000E+07  -1.176047319322947E+08  -6.119843820661096E+07
DART, 341000, 341500,   8.701820899213026E+07  -1.171797250742608E+08  -6.104317646719640E+07
DART, 341500, 342000,   8.772202097292355E+07  -1.167512407008167E+08  -6.088610254734698E+07
DART, 342000, 342500,   8.842319456691369E+07  -1.163192925911844E+08  -6.072722157094707E+07
DART, 342500, 343000,   8.912170980334288E+07  -1.158838945918773E+08  -6.056653878954645E+07
DART, 343000, 343500,   8.981754678871824E+07  -1.154450606236435E+08  -6.040405949427982E+07
DART, 343500, 344000,   9.051068571073210E+07  -1.150028046778132E+08  -6.023978901825457E+07
DART, 344000, 344500,   9.120110682277964E+07  -1.145571408289444E+08  -6.007373273281977E+07
DART, 344500, 345000,   9.188879045910591E+07  -1.141080832222359E+08  -5.990589605032575E+07
DART, 345000, 345500,   9.257371703149432E+07  -1.136556460761417E+08  -5.973628442253392E+07
DART, 345500, 346000,   9.325586702794930E+07  -1.131998436833298E+08  -5.956490334124565E+07
DART, 346000, 346500,   9.393522101461351E+07  -1.127406904091537E+08  -5.939175833719965E+07
DART, 346500, 347000,   9.461175963726313E+07  -1.122782006923858E+08  -5.921685498093624E+07
DART, 347000, 347500,   9.528546362790175E+07  -1.118123890592539E+08  -5.904019887589152E+07
DART, 347500, 348000,   9.595631379830493E+07  -1.113432700938050E+08  -5.886179567588824E+07
DART, 348000, 348500,   9.662429102405457E+07  -1.108708584503332E+08  -5.868165107078189E+07
DART, 348500, 349000,   9.728937625383994E+07  -1.103951688582801E+08  -5.849977078590675E+07
DART, 349000, 349500,   9.795155051386254E+07  -1.099162161195890E+08  -5.831616058472762E+07
DART, 349500, 350000,   9.861079491455163E+07  -1.094340151053822E+08  -5.813082627309433E+07
DART, 350000, 350500,   9.926709065135583E+07  -1.089485807547694E+08  -5.794377369978188E+07
DART, 350500, 351000,   9.992041899143226E+07  -1.084599280785411E+08  -5.775500874966723E+07
DART, 351000, 351500,   1.005707612600780E+08  -1.079680721494681E+08  -5.756453734442693E+07
DART, 351500, 352000,   1.012180988728042E+08  -1.074730281248433E+08  -5.737236544202869E+07
DART, 352000, 352500,   1.018624133324202E+08  -1.069748112300615E+08  -5.717849903950205E+07
DART, 352500, 353000,   1.025036862210209E+08  -1.064734367600658E+08  -5.698294417258394E+07
DART, 353000, 353500,   1.031418991999305E+08  -1.059689200795817E+08  -5.678570691498021E+07
DART, 353500, 354000,   1.037770340083772E+08  -1.054612766208375E+08  -5.658679338997053E+07
DART, 354000, 354500,   1.044090724676192E+08  -1.049505218809991E+08  -5.638620975913349E+07
DART, 354500, 355000,   1.050379964800023E+08  -1.044366714398898E+08  -5.618396218517864E+07
DART, 355000, 355500,   1.056637880265069E+08  -1.039197409386957E+08  -5.598005689252257E+07
DART, 355500, 356000,   1.062864291687060E+08  -1.033997460860491E+08  -5.577450014275943E+07
DART, 356000, 356500,   1.069059020495016E+08  -1.028767026572564E+08  -5.556729823601684E+07
DART, 356500, 357000,   1.075221888910433E+08  -1.023506264980443E+08  -5.535845750850476E+07
DART, 357000, 357500,   1.081352719971472E+08  -1.018215335200514E+08  -5.514798433407724E+07
DART, 357500, 358000,   1.087451337510399E+08  -1.012894397038155E+08  -5.493588512356896E+07
DART, 358000, 358500,   1.093517566177190E+08  -1.007543610968530E+08  -5.472216632455491E+07
DART, 358500, 359000,   1.099551231430556E+08  -1.002163138139962E+08  -5.450683442111654E+07
DART, 359000, 359500,   1.105552159575551E+08  -9.967531403259528E+07  -5.428989593609627E+07
DART, 359500, 360000,   1.111520177731991E+08  -9.913137799706483E+07  -5.407135742807785E+07
DART, 360000, 360500,   1.117455113760870E+08  -9.858452202652140E+07  -5.385122549005923E+07
DART, 360500, 361000,   1.123356796382176E+08  -9.803476250219248E+07  -5.362950675226871E+07
DART, 361000, 361500,   1.129225055142973E+08  -9.748211586970878E+07  -5.340620788215870E+07
DART, 361500, 362000,   1.135059720420672E+08  -9.692659864000881E+07  -5.318133558323689E+07
DART, 362000, 362500,   1.140860623416296E+08  -9.636822738909274E+07  -5.295489659503497E+07
DART, 362500, 363000,   1.146627596767780E+08  -9.580701887057878E+07  -5.272689767839660E+07
DART, 363000, 363500,   1.152360472873567E+08  -9.524298969948438E+07  -5.249734564080730E+07
DART, 363500, 364000,   1.158059085304568E+08  -9.467615662138997E+07  -5.226624734791588E+07
DART, 364000, 364500,   1.163723268614355E+08  -9.410653646999386E+07  -5.203360967793748E+07
DART, 364500, 365000,   1.169352858178642E+08  -9.353414614131501E+07  -5.179943954995530E+07
DART, 365000, 365500,   1.174947690185514E+08  -9.295900259832311E+07  -5.156374391876491E+07
DART, 365500, 366000,   1.180507601688973E+08  -9.238112286547758E+07  -5.132652977662387E+07
DART, 366000, 366500,   1.186032430473791E+08  -9.180052404349647E+07  -5.108780414922439E+07
DART, 366500, 367000,   1.191522015240501E+08  -9.121722328672184E+07  -5.084757409778865E+07
DART, 367000, 367500,   1.196976195539654E+08  -9.063123781153263E+07  -5.060584671822788E+07
DART, 367500, 368000,   1.202394811784329E+08  -9.004258489479709E+07  -5.036262914026117E+07
DART, 368000, 368500,   1.207777705212786E+08  -8.945128187890396E+07  -5.011792853032263E+07
DART, 368500, 369000,   1.213124717892577E+08  -8.885734617068835E+07  -4.987175208935542E+07
DART, 369000, 369500,   1.218435692759019E+08  -8.826079523698980E+07  -4.962410705385946E+07
DART, 369500, 370000,   1.223710473644033E+08  -8.766164660125142E+07  -4.937500069614860E+07
DART, 370000, 370500,   1.228948905148871E+08  -8.705991786030985E+07  -4.912444032086161E+07
DART, 370500, 371000,   1.234150832759636E+08  -8.645562666839640E+07  -4.887243326852789E+07
DART, 371000, 371500,   1.239316102836711E+08  -8.584879073886643E+07  -4.861898691409045E+07
DART, 371500, 372000,   1.244444562595737E+08  -8.523942784704353E+07  -4.836410866674010E+07
DART, 372000, 372500,   1.249536060119893E+08  -8.462755582998018E+07  -4.810780597032274E+07
DART, 372500, 373000,   1.254590444467543E+08  -8.401319258418600E+07  -4.785008631191930E+07
DART, 373000, 373500,   1.259607565323093E+08  -8.339635606613533E+07  -4.759095719201472E+07
DART, 373500, 374000,   1.264587273365889E+08  -8.277706429337564E+07  -4.733042615630140E+07
DART, 374000, 374500,   1.269529420142609E+08  -8.215533534378910E+07  -4.706850078583740E+07
DART, 374500, 375000,   1.274433858183572E+08  -8.153118735487701E+07  -4.680518867843467E+07
DART, 375000, 375500,   1.279300440852191E+08  -8.090463852485073E+07  -4.654049746872602E+07
DART, 375500, 376000,   1.284129022316330E+08  -8.027570710603940E+07  -4.627443484401768E+07
DART, 376000, 376500,   1.288919457618314E+08  -7.964441141231577E+07  -4.600700852263904E+07
DART, 376500, 377000,   1.293671602688143E+08  -7.901076982348721E+07  -4.573822623998749E+07
DART, 377000, 377500,   1.298385314324600E+08  -7.837480077271648E+07  -4.546809578298238E+07
DART, 377500, 378000,   1.303060450293191E+08  -7.773652274751346E+07  -4.519662496240386E+07
DART, 378000, 378500,   1.307696869156532E+08  -7.709595429223554E+07  -4.492382164793292E+07
DART, 378500, 379000,   1.312294430240758E+08  -7.645311403737648E+07  -4.464969370682161E+07
DART, 379000, 379500,   1.316852993919788E+08  -7.580802063757941E+07  -4.437424907558584E+07
DART, 379500, 380000,   1.321372421467981E+08  -7.516069281160563E+07  -4.409749570887259E+07
DART, 380000, 380500,   1.325852574944713E+08  -7.451114935690980E+07  -4.381944158389258E+07
DART, 380500, 381000,   1.330293317459272E+08  -7.385940910414194E+07  -4.354009471748059E+07
DART, 381000, 381500,   1.334694512990251E+08  -7.320549094625096E+07  -4.325946315796161E+07
DART, 381500, 382000,   1.339056026306201E+08  -7.254941385206909E+07  -4.297755498034550E+07
DART, 382000, 382500,   1.343377723190919E+08  -7.189119682841475E+07  -4.269437829815105E+07
DART, 382500, 383000,   1.347659470341259E+08  -7.123085893840282E+07  -4.240994125725823E+07
DART, 383000, 383500,   1.351901135298882E+08  -7.056841931180504E+07  -4.212425203325662E+07
DART, 383500, 384000,   1.356102586533129E+08  -6.990389713172847E+07  -4.183731883444677E+07
DART, 384000, 384500,   1.360263649922219E+08  -6.923731440992089E+07  -4.154915389260357E+07
DART, 384500, 385000,   1.364384167913043E+08  -6.856869222838640E+07  -4.125976801998787E+07
DART, 385000, 385500,   1.368464083086314E+08  -6.789804537743133E+07  -4.096916299131652E+07
DART, 385500, 386000,   1.372503276745682E+08  -6.722539426631789E+07  -4.067734694713182E+07
DART, 386000, 386500,   1.376501602154492E+08  -6.655075615431636E+07  -4.038432867126475E+07
DART, 386500, 387000,   1.380458944127305E+08  -6.587415175601483E+07  -4.009011635399009E+07
DART, 387000, 387500,   1.384375177550445E+08  -6.519560064368250E+07  -3.979471842634597E+07
DART, 387500, 388000,   1.388250178285846E+08  -6.451512244026686E+07  -3.949814335272424E+07
DART, 388000, 388500,   1.392083823139062E+08  -6.383273682283103E+07  -3.920039963310526E+07
DART, 388500, 389000,   1.395875989887695E+08  -6.314846351908199E+07  -3.890149579760431E+07
DART, 389000, 389500,   1.399626557093570E+08  -6.246232232323199E+07  -3.860144040076693E+07
DART, 389500, 390000,   1.403335404379377E+08  -6.177433307348614E+07  -3.830024203426863E+07
DART, 390000, 390500,   1.407002412296157E+08  -6.108451566300534E+07  -3.799790932362781E+07
DART, 390500, 391000,   1.410627462342888E+08  -6.039289003686604E+07  -3.769445092308261E+07
DART, 391000, 391500,   1.414210436821356E+08  -5.969947619338110E+07  -3.738987552250194E+07
DART, 391500, 392000,   1.417751219233341E+08  -5.900429418815847E+07  -3.708419183498796E+07
DART, 392000, 392500,   1.421249693930581E+08  -5.830736412778030E+07  -3.677740860645925E+07
DART, 392500, 393000,   1.424705746299746E+08  -5.760870616318043E+07  -3.646953462026362E+07
DART, 393000, 393500,   1.428119262530192E+08  -5.690834051081353E+07  -3.616057868204838E+07
DART, 393500, 394000,   1.431490129799421E+08  -5.620628743690773E+07  -3.585054962957302E+07
DART, 394000, 394500,   1.434818236358128E+08  -5.550256725036510E+07  -3.553945633872816E+07
DART, 394500, 395000,   1.438103471301775E+08  -5.479720032217436E+07  -3.522730770808224E+07
DART, 395000, 395500,   1.441345724703098E+08  -5.409020707493462E+07  -3.491411266731984E+07
DART, 395500, 396000,   1.444544887655065E+08  -5.338160797772600E+07  -3.459988017977257E+07
DART, 396000, 396500,   1.447700852227865E+08  -5.267142355031974E+07  -3.428461923902331E+07
DART, 396500, 397000,   1.450813511473027E+08  -5.195967436371215E+07  -3.396833887002415E+07
DART, 397000, 397500,   1.453882759451752E+08  -5.124638103691880E+07  -3.365104812815403E+07
DART, 397500, 398000,   1.456908491080451E+08  -5.053156425064435E+07  -3.333275609246476E+07
DART, 398000, 398500,   1.459890602332059E+08  -4.981524472996432E+07  -3.301347187565047E+07
DART, 398500, 399000,   1.462828990207247E+08  -4.909744324565832E+07  -3.269320461528631E+07
DART, 399000, 399500,   1.465723552439700E+08  -4.837818059055146E+07  -3.237196349857332E+07
DART, 399500, 400000,   1.468574187806298E+08  -4.765747763256097E+07  -3.204975771539090E+07
DART, 400000, 400500,   1.471380796551155E+08  -4.693535528351932E+07  -3.172659648332484E+07
DART, 400500, 401000,   1.474143279748686E+08  -4.621183451964113E+07  -3.140248904004018E+07
DART, 401000, 401500,   1.476861539430644E+08  -4.548693636889659E+07  -3.107744465539756E+07
DART, 401500, 402000,   1.479535478607171E+08  -4.476068190844780E+07  -3.075147263807438E+07
DART, 402000, 402500,   1.482165001240897E+08  -4.403309226095663E+07  -3.042458233741105E+07
DART, 402500, 403000,   1.484750012402844E+08  -4.330418858975429E+07  -3.009678314518509E+07
DART, 403000, 403500,   1.487290418076570E+08  -4.257399211634603E+07  -2.976808447385396E+07
DART, 403500, 404000,   1.489786125262063E+08  -4.184252411321989E+07  -2.943849575331213E+07
DART, 404000, 404500,   1.492237042105193E+08  -4.110980589046682E+07  -2.910802645313112E+07
DART, 404500, 405000,   1.494643077612559E+08  -4.037585881322367E+07  -2.877668606869701E+07
DART, 405000, 405500,   1.497004141861069E+08  -3.964070428476917E+07  -2.844448413536400E+07
DART, 405500, 406000,   1.499320146021442E+08  -3.890436375106032E+07  -2.811143022609188E+07
DART, 406000, 406500,   1.501591002077042E+08  -3.816685871975274E+07  -2.777753394057527E+07
DART, 406500, 407000,   1.503816623105563E+08  -3.742821073580649E+07  -2.744280492135260E+07
DART, 407000, 407500,   1.505996923235559E+08  -3.668844139988603E+07  -2.710725282576424E+07
DART, 407500, 408000,   1.508131817840886E+08  -3.594757235390497E+07  -2.677088729683625E+07
DART, 408000, 408500,   1.510221223451779E+08  -3.520562527827721E+07  -2.643371801499881E+07
DART, 408500, 409000,   1.512265057520046E+08  -3.446262190300984E+07  -2.609575469799299E+07
DART, 409000, 409500,   1.514263238424345E+08  -3.371858400522302E+07  -2.575700709306589E+07
DART, 409500, 410000,   1.516215685658267E+08  -3.297353340618816E+07  -2.541748497481627E+07
DART, 410000, 410500,   1.518122319759944E+08  -3.222749197421125E+07  -2.507719814653759E+07
DART, 410500, 411000,   1.519983062448795E+08  -3.148048160841723E+07  -2.473615644481866E+07
DART, 411000, 411500,   1.521797836402269E+08  -3.073252426260909E+07  -2.439436974071068E+07
DART, 411500, 412000,   1.523566565307746E+08  -2.998364194130653E+07  -2.405184792893073E+07
DART, 412000, 412500,   1.525289173933553E+08  -2.923385669247213E+07  -2.370860092531592E+07
DART, 412500, 413000,   1.526965588084848E+08  -2.848319061375472E+07  -2.336463866645218E+07
DART, 413000, 413500,   1.528595734759901E+08  -2.773166583602914E+07  -2.301997110801056E+07
DART, 413500, 414000,   1.530179542136407E+08  -2.697930451832469E+07  -2.267460826170061E+07
DART, 414000, 414500,   1.531716939284941E+08  -2.622612889444260E+07  -2.232856016077625E+07
DART, 414500, 415000,   1.533207847320713E+08  -2.547216240137849E+07  -2.198183822065792E+07
DART, 415000, 415500,   1.534652205539340E+08  -2.471742628269338E+07  -2.163445131727482E+07
DART, 415500, 416000,   1.536049947088245E+08  -2.396194277265167E+07  -2.128640945749237E+07
DART, 416000, 416500,   1.537401005543132E+08  -2.320573425552238E+07  -2.093772277953044E+07
DART, 416500, 417000,   1.538705315508292E+08  -2.244882316789539E+07  -2.058840142991338E+07
DART, 417000, 417500,   1.539962812776855E+08  -2.169123198800155E+07  -2.023845559665281E+07
DART, 417500, 418000,   1.541173434228477E+08  -2.093298321346188E+07  -1.988789550694717E+07
DART, 418000, 418500,   1.542337117825069E+08  -2.017409939732968E+07  -1.953673141258406E+07
DART, 418500, 419000,   1.543453802425533E+08  -1.941460315412160E+07  -1.918497357642624E+07
DART, 419000, 419500,   1.544523428271621E+08  -1.865451712342571E+07  -1.883263228825498E+07
DART, 419500, 420000,   1.545545936757139E+08  -1.789386397889497E+07  -1.847971786557730E+07
DART, 420000, 420500,   1.546521270334381E+08  -1.713266643806462E+07  -1.812624064977789E+07
DART, 420500, 421000,   1.547449376654496E+08  -1.637094767724084E+07  -1.777221025221289E+07
DART, 421000, 421500,   1.548330196517291E+08  -1.560873004408977E+07  -1.741763780944637E+07
DART, 421500, 422000,   1.549163677491176E+08  -1.484603619304416E+07  -1.706253358594326E+07
DART, 422000, 422500,   1.549949767110029E+08  -1.408288902435150E+07  -1.670690794478334E+07
DART, 422500, 423000,   1.550688411872502E+08  -1.331931161152183E+07  -1.635077155527068E+07
DART, 423000, 423500,   1.551379560417064E+08  -1.255532690823806E+07  -1.599413503205795E+07
DART, 423500, 424000,   1.552023163154595E+08  -1.179095791912589E+07  -1.563700887960071E+07
DART, 424000, 424500,   1.552619171852531E+08  -1.102622765455681E+07  -1.527940366116944E+07
DART, 424500, 425000,   1.553167539193316E+08  -1.026115917978006E+07  -1.492132997294546E+07
DART, 425000, 425500,   1.553668218876183E+08  -9.495775596863423E+06  -1.456279842727368E+07
DART, 425500, 426000,   1.554121165942906E+08  -8.730100036322268E+06  -1.420381965304315E+07
DART, 426000, 426500,   1.554526336575301E+08  -7.964155680674860E+06  -1.384440427761456E+07
DART, 426500, 427000,   1.554883688223226E+08  -7.197965739299818E+06  -1.348456296257135E+07
DART, 427000, 427500,   1.555193179764745E+08  -6.431553440583429E+06  -1.312430641360676E+07
DART, 427500, 428000,   1.555454770950194E+08  -5.664942082440013E+06  -1.276364536538552E+07
DART, 428000, 428500,   1.555668422546763E+08  -4.898155003604415E+06  -1.240259058179163E+07
DART, 428500, 429000,   1.555834096767946E+08  -4.131215554113799E+06  -1.204115283882407E+07
DART, 429000, 429500,   1.555951757023308E+08  -3.364147119456167E+06  -1.167934293487750E+07
DART, 429500, 430000,   1.556021367901054E+08  -2.596973123135198E+06  -1.131717168813451E+07
DART, 430000, 430500,   1.556042895220669E+08  -1.829717019518847E+06  -1.095464994222219E+07
DART, 430500, 431000,   1.556016306023110E+08  -1.062402295565042E+06  -1.059178856519803E+07
DART, 431000, 431500,   1.555941568551629E+08  -2.950524731001875E+05  -1.022859844740441E+07
DART, 431500, 432000,   1.555818635290687E+08   4.723079798160765E+05  -9.865092249302182E+06
DART, 432000, 432500,   1.555647461903556E+08   1.239654673522976E+06  -9.501282458282787E+06
DART, 432500, 433000,   1.555428052333449E+08   2.006965712303112E+06  -9.137176742593803E+06
DART, 433000, 433500,   1.555160379723198E+08   2.774217440463825E+06  -8.772786081708919E+06
DART, 433500, 434000,   1.554844418502263E+08   3.541386175858817E+06  -8.408121478739949E+06
DART, 434000, 434500,   1.554480144343509E+08   4.308448205659588E+06  -8.043193959176358E+06
DART, 434500, 435000,   1.554067534150590E+08   5.075379784854367E+06  -7.678014571028077E+06
DART, 435000, 435500,   1.553606566054710E+08   5.842157136699966E+06  -7.312594386138341E+06
DART, 435500, 436000,   1.553097219427921E+08   6.608756455507176E+06  -6.946944500921838E+06
DART, 436000, 436500,   1.552539474859710E+08   7.375153902596214E+06  -6.581076035711845E+06
DART, 436500, 437000,   1.551933314196116E+08   8.141325611495463E+06  -6.215000136087263E+06
DART, 437000, 437500,   1.551278720554092E+08   8.907247688057413E+06  -5.848727969198799E+06
DART, 437500, 438000,   1.550575678354452E+08   9.672896212209115E+06  -5.482270710889171E+06
DART, 438000, 438500,   1.549824173297607E+08   1.043824723549628E+07  -5.115639554308324E+06
DART, 438500, 439000,   1.549024192382391E+08   1.120327678561348E+07  -4.748845718333721E+06
DART, 439000, 439500,   1.548175723853361E+08   1.196796086031784E+07  -4.381900444163569E+06
DART, 439500, 440000,   1.547278757198929E+08   1.273227542717914E+07  -4.014814995377175E+06
DART, 440000, 440500,   1.546333283194334E+08   1.349619642867872E+07  -3.647600658492576E+06
DART, 440500, 441000,   1.545339285546477E+08   1.425969951683072E+07  -3.280269589375368E+06
DART, 441000, 441500,   1.544296762681242E+08   1.502276075113371E+07  -2.912832611659736E+06
DART, 441500, 442000,   1.543205712816219E+08   1.578535611936783E+07  -2.545300733129912E+06
DART, 442000, 442500,   1.541203400093153E+08   1.665949385132891E+07  -2.132876521679034E+06
DART, 442500, 443000,   1.538943059628204E+08   1.756030926371335E+07  -1.709504382302197E+06
DART, 443000, 443500,   1.536634095476218E+08   1.846057412933217E+07  -1.286075063176375E+06
DART, 443500, 444000,   1.534276474553238E+08   1.936026199176937E+07  -8.626005217309750E+05
DART, 444000, 444500,   1.531870115394865E+08   2.025934455689915E+07  -4.390941191040804E+05
DART, 444500, 445000,   1.529414964476141E+08   2.115778816061844E+07  -1.557039420519576E+04
DART, 445000, 445500,   1.526911022330648E+08   2.205556228179025E+07   4.079578075516763E+05
