@stboundedby, urn:ogc:def:crs:JPL::0, 3D, -2.399009211149789E8 -2.600503793378296E8 -1.128053022057934E8, 1.594158811484139E8 2.306403707413973E7 884091.9549210322, 2021-11-24T00:00:00Z, 2022-09-30T00:00:00Z, minute
@columns, mfidref, trajectory
DART,      0,    500,  -2.399009211149789E+08  -2.197847597866884E+08  -8.486100409484243E+07
DART,    500,   1000,  -2.395270074034736E+08  -2.200427418443480E+08  -8.500157096911532E+07
DART,   1000,   1500,  -2.391523435762360E+08  -2.203000257135218E+08  -8.514186855044459E+07
DART,   1500,   2000,  -2.387769286812965E+08  -2.205566146997555E+08  -8.528189727361111E+07
DART,   2000,   2500,  -2.384007597117848E+08  -2.208125047865278E+08  -8.542165512259945E+07
DART,   2500,   3000,  -2.380238415437579E+08  -2.210676920537178E+08  -8.556114137723573E+07
DART,   3000,   3500,  -2.376461761456580E+08  -2.213221798387275E+08  -8.570035695020741E+07
DART,   3500,   4000,  -2.372677594360155E+08  -2.215759668081679E+08  -8.583930042817110E+07
DART,   4000,   4500,  -2.368885940529232E+08  -2.218290473087507E+08  -8.597797022789314E+07
DART,   4500,   5000,  -2.365086844545910E+08  -2.220814230746005E+08  -8.611636719726880E+07
DART,   5000,   5500,  -2.361280272353952E+08  -2.223330955034873E+08  -8.625449082113953E+07
DART,   5500,   6000,  -2.357466221239616E+08  -2.225840588136507E+08  -8.639233900970605E+07
DART,   6000,   6500,  -2.353644747409339E+08  -2.228343120771385E+08  -8.652991202594963E+07
DART,   6500,   7000,  -2.349815838641697E+08  -2.230838584847860E+08  -8.666721022385554E+07
DART,   7000,   7500,  -2.345979466909305E+08  -2.233326937757462E+08  -8.680423154536803E+07
DART,   7500,   8000,  -2.342135682587680E+08  -2.235808142591657E+08  -8.694097535848543E+07
DART,   8000,   8500,  -2.338284502504160E+08  -2.238282233328618E+08  -8.707744254319625E+07
DART,   8500,   9000,  -2.334425886232160E+08  -2.240749193563921E+08  -8.721363159925309E+07
DART,   9000,   9500,  -2.330559862971551E+08  -2.243208967694700E+08  -8.734954101141261E+07
DART,   9500,  10000,  -2.326686475349856E+08  -2.245661575145356E+08  -8.748517165210496E+07
DART,  10000,  10500,  -2.322805687934158E+08  -2.248107027247838E+08  -8.762052290306570E+07
DART,  10500,  11000,  -2.318917501046160E+08  -2.250545265361602E+08  -8.775559269511481E+07
DART,  11000,  11500,  -2.315021970573798E+08  -2.252976282962986E+08  -8.789038136146192E+07
DART,  11500,  12000,  -2.311119081679799E+08  -2.255400110637435E+08  -8.802488917123951E+07
DART,  12000,  12500,  -2.307208808524231E+08  -2.257816703441283E+08  -8.815911402948035E+07
DART,  12500,  13000,  -2.303291202945053E+08  -2.260226026844895E+08  -8.829305539204608E+07
DART,  13000,  13500,  -2.299366278887935E+08  -2.262628115246702E+08  -8.842671410015380E+07
DART,  13500,  14000,  -2.295433996508013E+08  -2.265022949179755E+08  -8.856008856964535E+07
DART,  14000,  14500,  -2.291494387752486E+08  -2.267410474128473E+08  -8.869317735631323E+07
DART,  14500,  15000,  -2.287547493171636E+08  -2.269790711471730E+08  -8.882598135106765E+07
DART,  15000,  15500,  -2.283593276130689E+08  -2.272163669797854E+08  -8.895849983216010E+07
DART,  15500,  16000,  -2.279631740025426E+08  -2.274529289811997E+08  -8.909073075617525E+07
DART,  16000,  16500,  -2.275662940252316E+08  -2.276887567716327E+08  -8.922267452253924E+07
DART,  16500,  17000,  -2.271686859454825E+08  -2.279238532601927E+08  -8.935433131176132E+07
DART,  17000,  17500,  -2.267703474119028E+08  -2.281582137306179E+08  -8.948569899719562E+07
DART,  17500,  18000,  -2.263712837388010E+08  -2.283918349754814E+08  -8.961677712188642E+07
DART,  18000,  18500,  -2.259714960312939E+08  -2.286247204580301E+08  -8.974756648231776E+07
DART,  18500,  19000,  -2.255709803822834E+08  -2.288568679272140E+08  -8.987806541369623E+07
DART,  19000,  19500,  -2.251697402530923E+08  -2.290882720554425E+08  -9.000827254558745E+07
DART,  19500,  20000,  -2.247677794796286E+08  -2.293189351623673E+08  -9.013818878121872E+07
DART,  20000,  20500,  -2.243650942962484E+08  -2.295488578236437E+08  -9.026781329533584E+07
DART,  20500,  21000,  -2.239616853527099E+08  -2.297780340613965E+08  -9.039714407529710E+07
DART,  21000,  21500,  -2.235575581224853E+08  -2.300064637643107E+08  -9.052618158244258E+07
DART,  21500,  22000,  -2.231527106286951E+08  -2.302341496754094E+08  -9.065492590518728E+07
DART,  22000,  22500,  -2.227471407655983E+08  -2.304610868689311E+08  -9.078337489052120E+07
DART,  22500,  23000,  -2.223408539618706E+08  -2.306872723896215E+08  -9.091152816761962E+07
DART,  23000,  23500,  -2.219338510330819E+08  -2.309127097053471E+08  -9.103938648240329E+07
DART,  23500,  24000,  -2.215261281685275E+08  -2.311373962636836E+08  -9.116694809298681E+07
DART,  24000,  24500,  -2.211176890870727E+08  -2.313613268756998E+08  -9.129421170512545E+07
DART,  24500,  25000,  -2.207085373950306E+08  -2.315845040283597E+08  -9.142117822811423E+07
DART,  25000,  25500,  -2.202986692430845E+08  -2.318069280063296E+08  -9.154784673352584E+07
DART,  25500,  26000,  -2.198880855928514E+08  -2.320285928004906E+08  -9.167421524434340E+07
DART,  26000,  26500,  -2.194767918349404E+08  -2.322494985627820E+08  -9.180028427924247E+07
DART,  26500,  27000,  -2.190647857629540E+08  -2.324696478540476E+08  -9.192605383138289E+07
DART,  27000,  27500,  -2.186520655290069E+08  -2.326890355521427E+08  -9.205152172676449E+07
DART,  27500,  28000,  -2.182386366596515E+08  -2.329076589595824E+08  -9.217668767927255E+07
DART,  28000,  28500,  -2.178244996820081E+08  -2.331255215299725E+08  -9.230155237858574E+07
DART,  28500,  29000,  -2.174096509004945E+08  -2.333426204135648E+08  -9.242611400952198E+07
DART,  29000,  29500,  -2.169940942815698E+08  -2.335589505741712E+08  -9.255037135611062E+07
DART,  29500,  30000,  -2.165778331924454E+08  -2.337745146508988E+08  -9.267432532739979E+07
DART,  30000,  30500,  -2.161608637190391E+08  -2.339893126306424E+08  -9.279797489247249E+07
DART,  30500,  31000,  -2.157431871354108E+08  -2.342033384902241E+08  -9.292131811460973E+07
DART,  31000,  31500,  -2.153248087330309E+08  -2.344165926385394E+08  -9.304435556498265E+07
DART,  31500,  32000,  -2.149057260886621E+08  -2.346290774387726E+08  -9.316708713865498E+07
DART,  32000,  32500,  -2.144859376235937E+08  -2.348407875861774E+08  -9.328951064604712E+07
DART,  32500,  33000,  -2.140654489454898E+08  -2.350517206455711E+08  -9.341162588396716E+07
DART,  33000,  33500,  -2.136442602953158E+08  -2.352618800373907E+08  -9.353343348034360E+07
DART,  33500,  34000,  -2.132223681110025E+08  -2.354712626196642E+08  -9.365493155072810E+07
DART,  34000,  34500,  -2.127997765958114E+08  -2.356798635223643E+08  -9.377611895916620E+07
DART,  34500,  35000,  -2.123764888693576E+08  -2.358876855209101E+08  -9.389699660810126E+07
DART,  35000,  35500,  -2.119525009720487E+08  -2.360947282986915E+08  -9.401756336515586E+07
DART,  35500,  36000,  -2.115278144898851E+08  -2.363009858356257E+08  -9.413781733838332E+07
DART,  36000,  36500,  -2.111024345994041E+08  -2.365064587902027E+08  -9.425775914636572E+07
DART,  36500,  37000,  -2.106763586741371E+08  -2.367111493131346E+08  -9.437738858355829E+07
DART,  37000,  37500,  -2.102495854149468E+08  -2.369150519314653E+08  -9.449670345022631E+07
DART,  37500,  38000,  -2.098221204936413E+08  -2.371181644757619E+08  -9.461570362395200E+07
DART,  38000,  38500,  -2.093939638685237E+08  -2.373204903144244E+08  -9.473438966559491E+07
DART,  38500,  39000,  -2.089651121290267E+08  -2.375220260193834E+08  -9.485275962568873E+07
DART,  39000,  39500,  -2.085355697036291E+08  -2.377227668994705E+08  -9.497081244968580E+07
DART,  39500,  40000,  -2.081053394569092E+08  -2.379227158499777E+08  -9.508854902704565E+07
DART,  40000,  40500,  -2.076744174033026E+08  -2.381218722461267E+08  -9.520596812529935E+07
DART,  40500,  41000,  -2.072428054391707E+08  -2.383202300879824E+08  -9.532306790152922E+07
DART,  41000,  41500,  -2.068105086108737E+08  -2.385177902752283E+08  -9.543984901641582E+07
DART,  41500,  42000,  -2.063775241032077E+08  -2.387145547320126E+08  -9.555631116162929E+07
DART,  42000,  42500,  -2.059438509060557E+08  -2.389105178321123E+08  -9.567245213269493E+07
DART,  42500,  43000,  -2.055094947382736E+08  -2.391056776741886E+08  -9.578827188546465E+07
DART,  43000,  43500,  -2.050744552801870E+08  -2.393000375558459E+08  -9.590377090861781E+07
DART,  43500,  44000,  -2.046387292902580E+08  -2.394935937700427E+08  -9.601894719211738E+07
DART,  44000,  44500,  -2.042023214098585E+08  -2.396863418163940E+08  -9.613379976385438E+07
DART,  44500,  45000,  -2.037652342421788E+08  -2.398782846930791E+08  -9.624832949392603E+07
DART,  45000,  45500,  -2.033274637954392E+08  -2.400694214635691E+08  -9.636253505147281E+07
DART,  45500,  46000,  -2.028890122737201E+08  -2.402597461649610E+08  -9.647641464662658E+07
DART,  46000,  46500,  -2.024498845785787E+08  -2.404492599287187E+08  -9.658996897664385E+07
DART,  46500,  47000,  -2.020100777214124E+08  -2.406379644391055E+08  -9.670319762857486E+07
DART,  47000,  47500,  -2.015695909895935E+08  -2.408258539320642E+08  -9.681609839858781E+07
DART,  47500,  48000,  -2.011284301318745E+08  -2.410129267755803E+08  -9.692867131795144E+07
DART,  48000,  48500,  -2.006865945564720E+08  -2.411991861778782E+08  -9.704091679827802E+07
DART,  48500,  49000,  -2.002440812078874E+08  -2.413846281610384E+08  -9.715283277358691E+07
DART,  49000,  49500,  -1.998008949273770E+08  -2.415692484265620E+08  -9.726441835487449E+07
DART,  49500,  50000,  -1.993570380515163E+08  -2.417530500580425E+08  -9.737567438651973E+07
DART,  50000,  50500,  -1.989125066022188E+08  -2.419360318047107E+08  -9.748659944129680E+07
DART,  50500,  51000,  -1.984673030876002E+08  -2.421181877573415E+08  -9.759719178615355E+07
DART,  51000,  51500,  -1.980214322504709E+08  -2.422995192687880E+08  -9.770745214920872E+07
DART,  51500,  52000,  -1.975748909449583E+08  -2.424800277709241E+08  -9.781738001140417E+07
DART,  52000,  52500,  -1.971276787633928E+08  -2.426597073777190E+08  -9.792697317487884E+07
DART,  52500,  53000,  -1.966798014672922E+08  -2.428385567265882E+08  -9.803623174312548E+07
DART,  53000,  53500,  -1.962312581998043E+08  -2.430165789180360E+08  -9.814515604604319E+07
DART,  53500,  54000,  -1.957820461079062E+08  -2.431937697122918E+08  -9.825374396649472E+07
DART,  54000,  54500,  -1.953321702191058E+08  -2.433701250229773E+08  -9.836199469887836E+07
DART,  54500,  55000,  -1.948816325992901E+08  -2.435456480012034E+08  -9.846990905554356E+07
DART,  55000,  55500,  -1.944304293040613E+08  -2.437203370805679E+08  -9.857748551523556E+07
DART,  55500,  56000,  -1.939785631408674E+08  -2.438941864218658E+08  -9.868472240521409E+07
DART,  56000,  56500,  -1.935260386805751E+08  -2.440671975880038E+08  -9.879162047857460E+07
DART,  56500,  57000,  -1.930728526369113E+08  -2.442393717468237E+08  -9.889817910901184E+07
DART,  57000,  57500,  -1.926190049136135E+08  -2.444107029065449E+08  -9.900439610988577E+07
DART,  57500,  58000,  -1.921645012679302E+08  -2.445811899729912E+08  -9.911027165339006E+07
DART,  58000,  58500,  -1.917093405861352E+08  -2.447508359209153E+08  -9.921580598332080E+07
DART,  58500,  59000,  -1.912535202334919E+08  -2.449196362586176E+08  -9.932099693631020E+07
DART,  59000,  59500,  -1.907970454095652E+08  -2.450875871211643E+08  -9.942584379008181E+07
DART,  59500,  60000,  -1.903399179066602E+08  -2.452546917089268E+08  -9.953034731871013E+07
DART,  60000,  60500,  -1.898821338340829E+08  -2.454209481395773E+08  -9.963450590955086E+07
DART,  60500,  61000,  -1.894236962929226E+08  -2.455863506599011E+08  -9.973831795338500E+07
DART,  61000,  61500,  -1.889646096697113E+08  -2.457509010306194E+08  -9.984178422224757E+07
DART,  61500,  62000,  -1.885048705553325E+08  -2.459146001448008E+08  -9.994490398179880E+07
DART,  62000,  62500,  -1.880444791703486E+08  -2.460774419214362E+08  -1.000476750617698E+08
DART,  62500,  63000,  -1.875834412508749E+08  -2.462394255326081E+08  -1.001500976992131E+08
DART,  63000,  63500,  -1.871217554356411E+08  -2.464005538096600E+08  -1.002521720477020E+08
DART,  63500,  64000,  -1.866594193233336E+08  -2.465608220197388E+08  -1.003538959026823E+08
DART,  64000,  64500,  -1.861964382708831E+08  -2.467202265277291E+08  -1.004552686247503E+08
DART,  64500,  65000,  -1.857328137953210E+08  -2.468787705647117E+08  -1.005562909435477E+08
DART,  65000,  65500,  -1.852685420796297E+08  -2.470364519332366E+08  -1.006569611579692E+08
DART,  65500,  66000,  -1.848036265118911E+08  -2.471932649816149E+08  -1.007572777252258E+08
DART,  66000,  66500,  -1.843380712827783E+08  -2.473492116552823E+08  -1.008572414301236E+08
DART,  66500,  67000,  -1.838718728785207E+08  -2.475042925627315E+08  -1.009568514298531E+08
DART,  67000,  67500,  -1.834050318408804E+08  -2.476585015504774E+08  -1.010561055755446E+08
DART,  67500,  68000,  -1.829375538682248E+08  -2.478118380535889E+08  -1.011550041649605E+08
DART,  68000,  68500,  -1.824694373621792E+08  -2.479643047427802E+08  -1.012535472576156E+08
DART,  68500,  69000,  -1.820006801692692E+08  -2.481158966556297E+08  -1.013517326129101E+08
DART,  69000,  69500,  -1.815312877886708E+08  -2.482666103942289E+08  -1.014495596734844E+08
DART,  69500,  70000,  -1.810612614616703E+08  -2.484164492015904E+08  -1.015470291184983E+08
DART,  70000,  70500,  -1.805905974647888E+08  -2.485654105670357E+08  -1.016441391615907E+08
DART,  70500,  71000,  -1.801192994655330E+08  -2.487134889554392E+08  -1.017408883289963E+08
DART,  71000,  71500,  -1.796473714481139E+08  -2.488606864830361E+08  -1.018372774120141E+08
DART,  71500,  72000,  -1.791748098128689E+08  -2.490070034649142E+08  -1.019333054592818E+08
DART,  72000,  72500,  -1.787016154260899E+08  -2.491524336920281E+08  -1.020289703482131E+08
DART,  72500,  73000,  -1.782277939321027E+08  -2.492969768580468E+08  -1.021242724328379E+08
DART,  73000,  73500,  -1.777533435069518E+08  -2.494406354563344E+08  -1.022192116750724E+08
DART,  73500,  74000,  -1.772782622586552E+08  -2.495834043072460E+08  -1.023137858034864E+08
DART,  74000,  74500,  -1.768025558131557E+08  -2.497252802564504E+08  -1.024079943415598E+08
DART,  74500,  75000,  -1.763262251367588E+08  -2.498662665399557E+08  -1.025018379120501E+08
DART,  75000,  75500,  -1.758492666192177E+08  -2.500063603368254E+08  -1.025953146468054E+08
DART,  75500,  76000,  -1.753716841990220E+08  -2.501455562429753E+08  -1.026884231433512E+08
DART,  76000,  76500,  -1.748934816442948E+08  -2.502838565307589E+08  -1.027811641931114E+08
DART,  76500,  77000,  -1.744146552887664E+08  -2.504212612140306E+08  -1.028735367364353E+08
DART,  77000,  77500,  -1.739352063255472E+08  -2.505577640451960E+08  -1.029655386817389E+08
DART,  77500,  78000,  -1.734551403290334E+08  -2.506933649710356E+08  -1.030571704345976E+08
DART,  78000,  78500,  -1.729744552622707E+08  -2.508280662914019E+08  -1.031484318560947E+08
DART,  78500,  79000,  -1.724931495076274E+08  -2.509618626224832E+08  -1.032393206492362E+08
DART,  79000,  79500,  -1.720112288020538E+08  -2.510947510588521E+08  -1.033298364167637E+08
DART,  79500,  80000,  -1.715286938388861E+08  -2.512267348104859E+08  -1.034199797192621E+08
DART,  80000,  80500,  -1.710455411405701E+08  -2.513578107502291E+08  -1.035097486105008E+08
DART,  80500,  81000,  -1.705617749072970E+08  -2.514879736189012E+08  -1.035991417612274E+08
DART,  81000,  81500,  -1.700773986824879E+08  -2.516172258295842E+08  -1.036881599565595E+08
DART,  81500,  82000,  -1.695924087529807E+08  -2.517455670881028E+08  -1.037768020291733E+08
DART,  82000,  82500,  -1.691068066399129E+08  -2.518729911253546E+08  -1.038650659230262E+08
DART,  82500,  83000,  -1.686205978323116E+08  -2.519994981346608E+08  -1.039529520902558E+08
DART,  83000,  83500,  -1.681337800938517E+08  -2.521250902068185E+08  -1.040404602881933E+08
DART,  83500,  84000,  -1.676463520932619E+08  -2.522497617675620E+08  -1.041275881995775E+08
DART,  84000,  84500,  -1.671583196625170E+08  -2.523735101646236E+08  -1.042143355044644E+08
DART,  84500,  85000,  -1.666696832252396E+08  -2.524963385629007E+08  -1.043007026956643E+08
DART,  85000,  85500,  -1.661804394557345E+08  -2.526182435340976E+08  -1.043866877528070E+08
DART,  85500,  86000,  -1.656905928058439E+08  -2.527392199771226E+08  -1.044722894214420E+08
DART,  86000,  86500,  -1.652001465867763E+08  -2.528592704297322E+08  -1.045575084738987E+08
DART,  86500,  87000,  -1.647090970586470E+08  -2.529783942839725E+08  -1.046423436361274E+08
DART,  87000,  87500,  -1.642174460708976E+08  -2.530965852662301E+08  -1.047267928919494E+08
DART,  87500,  88000,  -1.637251990123376E+08  -2.532138438087354E+08  -1.048108567348317E+08
DART,  88000,  88500,  -1.632323534617706E+08  -2.533301717783630E+08  -1.048945348157711E+08
DART,  88500,  89000,  -1.627389083854325E+08  -2.534455634247106E+08  -1.049778248025449E+08
DART,  89000,  89500,  -1.622448696942113E+08  -2.535600163518412E+08  -1.050607264502121E+08
DART,  89500,  90000,  -1.617502375465336E+08  -2.536735336605738E+08  -1.051432401783944E+08
DART,  90000,  90500,  -1.612550087873811E+08  -2.537861116275780E+08  -1.052253638967349E+08
DART,  90500,  91000,  -1.607591881094601E+08  -2.538977453223123E+08  -1.053070964268117E+08
DART,  91000,  91500,  -1.602627785853462E+08  -2.540084373905593E+08  -1.053884385216668E+08
DART,  91500,  92000,  -1.597657764688848E+08  -2.541181869059111E+08  -1.054693888018142E+08
DART,  92000,  92500,  -1.592681839369929E+08  -2.542269876071332E+08  -1.055499452950487E+08
DART,  92500,  93000,  -1.587700062639987E+08  -2.543348401566964E+08  -1.056301085307058E+08
DART,  93000,  93500,  -1.582712408593970E+08  -2.544417461834093E+08  -1.057098780511857E+08
DART,  93500,  94000,  -1.577718869971924E+08  -2.545476997755922E+08  -1.057892515145909E+08
DART,  94000,  94500,  -1.572719506510190E+08  -2.546526987957044E+08  -1.058682287483128E+08
DART,  94500,  95000,  -1.567714317198787E+08  -2.547567462616048E+08  -1.059468100935765E+08
DART,  95000,  95500,  -1.562703272378451E+08  -2.548598381620294E+08  -1.060249933943834E+08
DART,  95500,  96000,  -1.557686421270339E+08  -2.549619697486701E+08  -1.061027775492036E+08
DART,  96000,  96500,  -1.552663792161340E+08  -2.550631437581480E+08  -1.061801632852909E+08
DART,  96500,  97000,  -1.547635347734646E+08  -2.551633589420101E+08  -1.062571491193388E+08
DART,  97000,  97500,  -1.542601113016234E+08  -2.552626090681156E+08  -1.063337331269801E+08
DART,  97500,  98000,  -1.537561139468937E+08  -2.553608950195026E+08  -1.064099158677480E+08
DART,  98000,  98500,  -1.532515399658829E+08  -2.554582181735505E+08  -1.064856967735267E+08
DART,  98500,  99000,  -1.527463889497063E+08  -2.555545724726472E+08  -1.065610734979955E+08
DART,  99000,  99500,  -1.522406669185960E+08  -2.556499560386019E+08  -1.066360459378570E+08
DART,  99500, 100000,  -1.517343735191489E+08  -2.557443717876184E+08  -1.067106143509553E+08
DART, 100000, 100500,  -1.512275059924865E+08  -2.558378154285677E+08  -1.067847765201702E+08
DART, 100500, 101000,  -1.507200694780716E+08  -2.559302824062339E+08  -1.068585314213586E+08
DART, 101000, 101500,  -1.502120665566493E+08  -2.560217755304127E+08  -1.069318797495079E+08
DART, 101500, 102000,  -1.497034935319691E+08  -2.561122932281112E+08  -1.070048199194259E+08
DART, 102000, 102500,  -1.491943532295461E+08  -2.562018293127552E+08  -1.070773500581895E+08
DART, 102500, 103000,  -1.486846506548162E+08  -2.562903848773061E+08  -1.071494707496663E+08
DART, 103000, 103500,  -1.481743829287782E+08  -2.563779610351774E+08  -1.072211813136509E+08
DART, 103500, 104000,  -1.476635499680690E+08  -2.564645515985942E+08  -1.072924794045887E+08
DART, 104000, 104500,  -1.471521578234722E+08  -2.565501549485490E+08  -1.073633649851325E+08
DART, 104500, 105000,  -1.466402058974413E+08  -2.566347738811520E+08  -1.074338382250009E+08
DART, 105000, 105500,  -1.461276916555956E+08  -2.567184038344109E+08  -1.075038968506273E+08
DART, 105500, 106000,  -1.456146204421395E+08  -2.568010404561933E+08  -1.075735399153772E+08
DART, 106000, 106500,  -1.451009945870474E+08  -2.568826866113947E+08  -1.076427680755386E+08
DART, 106500, 107000,  -1.445868104506094E+08  -2.569633404010915E+08  -1.077115796462782E+08
DART, 107000, 107500,  -1.440720711775543E+08  -2.570429957004415E+08  -1.077799728094483E+08
DART, 107500, 108000,  -1.435567816204980E+08  -2.571216538007533E+08  -1.078479481672170E+08
DART, 108000, 108500,  -1.430409387829185E+08  -2.571993155398102E+08  -1.079155049260624E+08
DART, 108500, 109000,  -1.425245429144425E+08  -2.572759746158061E+08  -1.079826407463048E+08
DART, 109000, 109500,  -1.420076000805401E+08  -2.573516296676294E+08  -1.080493556528543E+08
DART, 109500, 110000,  -1.414901094490133E+08  -2.574262833531820E+08  -1.081156497228165E+08
DART, 110000, 110500,  -1.409720687268761E+08  -2.574999308495076E+08  -1.081815206309881E+08
DART, 110500, 111000,  -1.404534834499934E+08  -2.575725680166405E+08  -1.082469675079903E+08
DART, 111000, 111500,  -1.399343556960044E+08  -2.576441977561572E+08  -1.083119909650456E+08
DART, 111500, 112000,  -1.394146819029427E+08  -2.577148178429193E+08  -1.083765892202233E+08
DART, 112000, 112500,  -1.388944655301421E+08  -2.577844222296123E+08  -1.084407605131931E+08
DART, 112500, 113000,  -1.383737112663206E+08  -2.578530123934251E+08  -1.085045054582389E+08
DART, 113000, 113500,  -1.378524160162871E+08  -2.579205888857620E+08  -1.085678231476469E+08
DART, 113500, 114000,  -1.373305803691733E+08  -2.579871453072156E+08  -1.086307112526161E+08
DART, 114000, 114500,  -1.368082103895359E+08  -2.580526805521654E+08  -1.086931698563031E+08
DART, 114500, 115000,  -1.362853050212324E+08  -2.581171971225812E+08  -1.087551989389836E+08
DART, 115000, 115500,  -1.357618622289719E+08  -2.581806899453004E+08  -1.088167961287427E+08
DART, 115500, 116000,  -1.352378877267959E+08  -2.582431551006625E+08  -1.088779606328275E+08
DART, 116000, 116500,  -1.347133833397329E+08  -2.583045955082315E+08  -1.089386930111185E+08
DART, 116500, 117000,  -1.341883456047969E+08  -2.583650086174762E+08  -1.089989913874185E+08
DART, 117000, 117500,  -1.336627782904533E+08  -2.584243884739735E+08  -1.090588540619536E+08
DART, 117500, 118000,  -1.331366859114039E+08  -2.584827367274819E+08  -1.091182816548101E+08
DART, 118000, 118500,  -1.326100652933521E+08  -2.585400536332321E+08  -1.091772731435580E+08
DART, 118500, 119000,  -1.320829173704979E+08  -2.585963327108803E+08  -1.092358262151546E+08
DART, 119000, 119500,  -1.315552481912295E+08  -2.586515731067822E+08  -1.092939410066870E+08
DART, 119500, 120000,  -1.310270564873645E+08  -2.587057771497095E+08  -1.093516173976693E+08
DART, 120000, 120500,  -1.304983404969729E+08  -2.587589395278668E+08  -1.094088529744933E+08
DART, 120500, 121000,  -1.299691060984591E+08  -2.588110565490612E+08  -1.094656470200267E+08
DART, 121000, 121500,  -1.294393548652794E+08  -2.588621311319453E+08  -1.095220000366432E+08
DART, 121500, 122000,  -1.289090834546422E+08  -2.589121604025192E+08  -1.095779100569842E+08
DART, 122000, 122500,  -1.283782959378494E+08  -2.589611385141236E+08  -1.096333754442561E+08
DART, 122500, 123000,  -1.278469966464905E+08  -2.590090672749818E+08  -1.096883968179268E+08
DART, 123000, 123500,  -1.273151823473899E+08  -2.590559466353471E+08  -1.097429730406785E+08
DART, 123500, 124000,  -1.267828543244276E+08  -2.591017700507743E+08  -1.097971018199607E+08
DART, 124000, 124500,  -1.262500185949974E+08  -2.591465369149841E+08  -1.098507833421840E+08
DART, 124500, 125000,  -1.257166736919569E+08  -2.591902493668063E+08  -1.099040173824678E+08
DART, 125000, 125500,  -1.251828181417331E+08  -2.592329018681570E+08  -1.099568014906024E+08
DART, 125500, 126000,  -1.246484579730279E+08  -2.592744909604695E+08  -1.100091350236964E+08
DART, 126000, 126500,  -1.241135945100988E+08  -2.593150195424519E+08  -1.100610184205847E+08
DART, 126500, 127000,  -1.235782245514824E+08  -2.593544844196550E+08  -1.101124496261137E+08
DART, 127000, 127500,  -1.230423524642512E+08  -2.593928798675067E+08  -1.101634270685673E+08
DART, 127500, 128000,  -1.225059823888682E+08  -2.594302078378493E+08  -1.102139513602909E+08
DART, 128000, 128500,  -1.219691110541153E+08  -2.594664679681792E+08  -1.102640212492574E+08
DART, 128500, 129000,  -1.214317400972226E+08  -2.595016536668917E+08  -1.103136344679778E+08
DART, 129000, 129500,  -1.208938754902736E+08  -2.595357645693803E+08  -1.103627912473043E+08
DART, 129500, 130000,  -1.203555155813990E+08  -2.595688026083764E+08  -1.104114912546388E+08
DART, 130000, 130500,  -1.198166591996769E+08  -2.596007620325754E+08  -1.104597320083136E+08
DART, 130500, 131000,  -1.192773125098700E+08  -2.596316396221683E+08  -1.105075129379287E+08
DART, 131000, 131500,  -1.187374765907622E+08  -2.596614382368248E+08  -1.105548344129028E+08
DART, 131500, 132000,  -1.181971484032197E+08  -2.596901543657480E+08  -1.106016942938999E+08
DART, 132000, 132500,  -1.176563326023016E+08  -2.597177824201743E+08  -1.106480910760431E+08
DART, 132500, 133000,  -1.171150331304696E+08  -2.597443244800355E+08  -1.106940253579898E+08
DART, 133000, 133500,  -1.165732466998587E+08  -2.597697798633456E+08  -1.107394957735312E+08
DART, 133500, 134000,  -1.160309753037897E+08  -2.597941419483240E+08  -1.107845000846246E+08
DART, 134000, 134500,  -1.154882248553130E+08  -2.598174106052886E+08  -1.108290385614249E+08
DART, 134500, 135000,  -1.149449935331911E+08  -2.598395875453628E+08  -1.108731107606154E+08
DART, 135000, 135500,  -1.144012804827208E+08  -2.598606668177658E+08  -1.109167141742448E+08
DART, 135500, 136000,  -1.138570919903985E+08  -2.598806454455305E+08  -1.109598483022897E+08
DART, 136000, 136500,  -1.133124288946266E+08  -2.598995262302074E+08  -1.110025134390507E+08
DART, 136500, 137000,  -1.127672883394176E+08  -2.599173053498219E+08  -1.110447073648539E+08
DART, 137000, 137500,  -1.122216752593741E+08  -2.599339773644864E+08  -1.110864286430787E+08
DART, 137500, 138000,  -1.116755933932763E+08  -2.599495444660690E+08  -1.111276778520927E+08
DART, 138000, 138500,  -1.111290394585140E+08  -2.599640056474571E+08  -1.111684535123779E+08
DART, 138500, 139000,  -1.105820158063296E+08  -2.599773542736566E+08  -1.112087534195216E+08
DART, 139000, 139500,  -1.100345282776920E+08  -2.599895904421309E+08  -1.112485778776026E+08
DART, 139500, 140000,  -1.094865748984515E+08  -2.600007156275960E+08  -1.112879263299162E+08
DART, 140000, 140500,  -1.089381551429414E+08  -2.600107236941623E+08  -1.113267962474123E+08
DART, 140500, 141000,  -1.083892754050614E+08  -2.600196119107301E+08  -1.113651871979718E+08
DART, 141000, 141500,  -1.078399362893004E+08  -2.600273830017364E+08  -1.114030993952713E+08
DART, 141500, 142000,  -1.072901351434018E+08  -2.600340328402498E+08  -1.114405305433587E+08
DART, 142000, 142500,  -1.067398771724718E+08  -2.600395561476250E+08  -1.114774792749375E+08
DART, 142500, 143000,  -1.061891659071758E+08  -2.600439552109529E+08  -1.115139461414699E+08
DART, 143000, 143500,  -1.056379980925145E+08  -2.600472286934552E+08  -1.115499295513432E+08
DART, 143500, 144000,  -1.050863764385973E+08  -2.600493699638034E+08  -1.115854273377389E+08
DART, 144000, 144500,  -1.045343067020189E+08  -2.600503793378296E+08  -1.116204398330617E+08
DART, 144500, 145000,  -1.039817867732397E+08  -2.600502580398108E+08  -1.116549663648913E+08
DART, 145000, 145500,  -1.034288164676820E+08  -2.600489997636888E+08  -1.116890043882530E+08
DART, 145500, 146000,  -1.028754022723996E+08  -2.600466020261876E+08  -1.117225535361100E+08
DART, 146000, 146500,  -1.023215445658221E+08  -2.600430674557996E+08  -1.117556139362257E+08
DART, 146500, 147000,  -1.017672409197284E+08  -2.600383916278872E+08  -1.117881832206294E+08
DART, 147000, 147500,  -1.012124968001601E+08  -2.600325694366682E+08  -1.118202600920614E+08
DART, 147500, 148000,  -1.006573155265320E+08  -2.600256032472506E+08  -1.118518450684747E+08
DART, 148000, 148500,  -1.001016938942135E+08  -2.600174913897763E+08  -1.118829364477122E+08
DART, 148500, 149000,  -9.954563497227091E+07  -2.600082272533176E+08  -1.119135321042802E+08
DART, 149000, 149500,  -9.898914442146900E+07  -2.599978113623381E+08  -1.119436323931122E+08
DART, 149500, 150000,  -9.843222001543394E+07  -2.599862446774690E+08  -1.119732365240947E+08
DART, 150000, 150500,  -9.787486192195196E+07  -2.599735207379431E+08  -1.120023419414718E+08
DART, 150500, 151000,  -9.731707670715290E+07  -2.599596373091934E+08  -1.120309483401285E+08
DART, 151000, 151500,  -9.675886453265078E+07  -2.599445969051741E+08  -1.120590557568622E+08
DART, 151500, 152000,  -9.620022321424438E+07  -2.599283948117993E+08  -1.120866617561263E+08
DART, 152000, 152500,  -9.564115846888436E+07  -2.599110261069854E+08  -1.121137651110526E+08
DART, 152500, 153000,  -9.508167340294386E+07  -2.598924932162293E+08  -1.121403662995188E+08
DART, 153000, 153500,  -9.452176488527015E+07  -2.598727941343224E+08  -1.121664635107029E+08
DART, 153500, 154000,  -9.396143634315699E+07  -2.598519222872701E+08  -1.121920546639183E+08
DART, 154000, 154500,  -9.340069333099912E+07  -2.598298783975113E+08  -1.122171401306542E+08
DART, 154500, 155000,  -9.283953352514383E+07  -2.598066631497061E+08  -1.122417190014827E+08
DART, 155000, 155500,  -9.227795745623255E+07  -2.597822699443038E+08  -1.122657887149612E+08
DART, 155500, 156000,  -9.171597175565483E+07  -2.597566967952614E+08  -1.122893490244094E+08
DART, 156000, 156500,  -9.115357637884435E+07  -2.597299460837168E+08  -1.123123998708612E+08
DART, 156500, 157000,  -9.059076940524437E+07  -2.597020128153744E+08  -1.123349387558037E+08
DART, 157000, 157500,  -9.002755679230750E+07  -2.596728922618650E+08  -1.123569645227562E+08
DART, 157500, 158000,  -8.946394143296300E+07  -2.596425868910964E+08  -1.123784776030169E+08
DART, 158000, 158500,  -8.889992029294693E+07  -2.596110943613970E+08  -1.123994760793023E+08
DART, 158500, 159000,  -8.833549715627235E+07  -2.595784081519787E+08  -1.124199579189538E+08
DART, 159000, 159500,  -8.777067746141931E+07  -2.595445291717282E+08  -1.124399235038896E+08
DART, 159500, 160000,  -8.720545880797549E+07  -2.595094578179435E+08  -1.124593718041115E+08
DART, 160000, 160500,  -8.663984209914432E+07  -2.594731873686279E+08  -1.124783002575150E+08
DART, 160500, 161000,  -8.607383401811276E+07  -2.594357160850160E+08  -1.124967086720551E+08
DART, 161000, 161500,  -8.550743432616055E+07  -2.593970461975431E+08  -1.125145968884803E+08
DART, 161500, 162000,  -8.494064138560559E+07  -2.593571724418961E+08  -1.125319623500704E+08
DART, 162000, 162500,  -8.437346138369402E+07  -2.593160902925849E+08  -1.125488039703710E+08
DART, 162500, 163000,  -8.380589700094073E+07  -2.592738022416775E+08  -1.125651221276838E+08
DART, 163000, 163500,  -8.323794532363465E+07  -2.592303056110978E+08  -1.125809148007838E+08
DART, 163500, 164000,  -8.266961049026862E+07  -2.591855939492236E+08  -1.125961800079891E+08
DART, 164000, 164500,  -8.210089781493638E+07  -2.591396683390437E+08  -1.126109181353915E+08
DART, 164500, 165000,  -8.153180484191255E+07  -2.590925288800890E+08  -1.126251280315364E+08
DART, 165000, 165500,  -8.096233285589081E+07  -2.590441687446134E+08  -1.126388071385968E+08
DART, 165500, 166000,  -8.039248857884005E+07  -2.589945864388350E+08  -1.126519553150667E+08
DART, 166000, 166500,  -7.982227159130043E+07  -2.589437840250691E+08  -1.126645722971804E+08
DART, 166500, 167000,  -7.925168055727027E+07  -2.588917559801011E+08  -1.126766554749034E+08
DART, 167000, 167500,  -7.868072188286337E+07  -2.588384979896091E+08  -1.126882038310912E+08
DART, 167500, 168000,  -7.810939803868057E+07  -2.587840125513771E+08  -1.126992176847471E+08
DART, 168000, 168500,  -7.753770625543474E+07  -2.587282966521621E+08  -1.127096949135319E+08
DART, 168500, 169000,  -7.696565102318010E+07  -2.586713439251050E+08  -1.127196335894077E+08
DART, 169000, 169500,  -7.639323752430187E+07  -2.586131556141887E+08  -1.127290340962822E+08
DART, 169500, 170000,  -7.582046327009863E+07  -2.585537315118093E+08  -1.127378951607337E+08
DART, 170000, 170500,  -7.524732993491405E+07  -2.584930647014737E+08  -1.127462142340486E+08
DART, 170500, 171000,  -7.467384426702593E+07  -2.584311539310611E+08  -1.127539912208852E+08
DART, 171000, 171500,  -7.410000568103133E+07  -2.583680010778966E+08  -1.127612257490473E+08
DART, 171500, 172000,  -7.352581316096430E+07  -2.583036003718730E+08  -1.127679151601956E+08
DART, 172000, 172500,  -7.295127332075101E+07  -2.582379477172302E+08  -1.127740585054299E+08
DART, 172500, 173000,  -7.237638842508671E+07  -2.581710455989126E+08  -1.127796560382940E+08
DART, 173000, 173500,  -7.180115587314244E+07  -2.581028906709367E+08  -1.127847055384620E+08
DART, 173500, 174000,  -7.122558050299528E+07  -2.580334766663926E+08  -1.127892051339189E+08
DART, 174000, 174500,  -7.064966735922550E+07  -2.579628049764519E+08  -1.127931551999539E+08
DART, 174500, 175000,  -7.007341394334593E+07  -2.578908750779453E+08  -1.127965543409699E+08
DART, 175000, 175500,  -6.949682232676591E+07  -2.578176799823207E+08  -1.127994000217797E+08
DART, 175500, 176000,  -6.891989927225260E+07  -2.577432186751768E+08  -1.128016921887744E+08
DART, 176000, 176500,  -6.834264404463333E+07  -2.576674928329431E+08  -1.128034303579226E+08
DART, 176500, 177000,  -6.776505596585569E+07  -2.575904964516872E+08  -1.128046118277971E+08
DART, 177000, 177500,  -6.718714184655492E+07  -2.575122256607886E+08  -1.128052357163858E+08
DART, 177500, 178000,  -6.660890375106112E+07  -2.574326829137957E+08  -1.128053022057934E+08
DART, 178000, 178500,  -6.603033927114967E+07  -2.573518645355849E+08  -1.128048089811180E+08
DART, 178500, 179000,  -6.545145358881848E+07  -2.572697643738829E+08  -1.128037542284276E+08
DART, 179000, 179500,  -6.487225160603985E+07  -2.571863839525560E+08  -1.128021383078818E+08
DART, 179500, 180000,  -6.429273083854647E+07  -2.571017224259556E+08  -1.127999597020893E+08
DART, 180000, 180500,  -6.371289376148242E+07  -2.570157727520150E+08  -1.127972158945537E+08
DART, 180500, 181000,  -6.313274714097674E+07  -2.569285341479461E+08  -1.127939068680966E+08
DART, 181000, 181500,  -6.255229010962350E+07  -2.568400080730195E+08  -1.127900320232277E+08
DART, 181500, 182000,  -6.197152234469920E+07  -2.567501883027546E+08  -1.127855886204018E+08
DART, 182000, 182500,  -6.139045084253664E+07  -2.566590711970282E+08  -1.127805758426406E+08
DART, 182500, 183000,  -6.080907747425029E+07  -2.565666591594111E+08  -1.127749937947755E+08
DART, 183000, 183500,  -6.022740004847918E+07  -2.564729481904892E+08  -1.127688400710470E+08
DART, 183500, 184000,  -5.964542408657446E+07  -2.563779322669596E+08  -1.127621129174401E+08
DART, 184000, 184500,  -5.906315434448230E+07  -2.562816130305087E+08  -1.127548126725487E+08
DART, 184500, 185000,  -5.848058837694245E+07  -2.561839893070188E+08  -1.127469376978210E+08
DART, 185000, 185500,  -5.789772906882025E+07  -2.560850540180829E+08  -1.127384854996543E+08
DART, 185500, 186000,  -5.731458317934734E+07  -2.559848066067974E+08  -1.127294560924794E+08
DART, 186000, 186500,  -5.673114972776715E+07  -2.558832483009475E+08  -1.127198487587071E+08
DART, 186500, 187000,  -5.614742876356824E+07  -2.557803726702714E+08  -1.127096607260893E+08
DART, 187000, 187500,  -5.556342745787893E+07  -2.556761763099409E+08  -1.126988912407036E+08
DART, 187500, 188000,  -5.497914749730605E+07  -2.555706615552431E+08  -1.126875403245668E+08
DART, 188000, 188500,  -5.439458693162023E+07  -2.554638240884902E+08  -1.126756054850420E+08
DART, 188500, 189000,  -5.380975161651761E+07  -2.553556580290284E+08  -1.126630850295003E+08
DART, 189000, 189500,  -5.322464615992428E+07  -2.552461651208299E+08  -1.126499792684512E+08
DART, 189500, 190000,  -5.263926818111085E+07  -2.551353438564872E+08  -1.126362864431816E+08
DART, 190000, 190500,  -5.205362097998435E+07  -2.550231871389101E+08  -1.126220040872280E+08
DART, 190500, 191000,  -5.146771129954538E+07  -2.549096946299038E+08  -1.126071322413207E+08
DART, 191000, 191500,  -5.088153806592426E+07  -2.547948673118077E+08  -1.125916700672490E+08
DART, 191500, 192000,  -5.029510171722828E+07  -2.546786985637888E+08  -1.125756147653616E+08
DART, 192000, 192500,  -4.970840958876589E+07  -2.545611852200112E+08  -1.125589656424050E+08
DART, 192500, 193000,  -4.912146319300447E+07  -2.544423295293307E+08  -1.125417226322406E+08
DART, 193000, 193500,  -4.853426084515596E+07  -2.543221268629858E+08  -1.125238831595896E+08
DART, 193500, 194000,  -4.794680872994139E+07  -2.542005714961297E+08  -1.125054455943958E+08
DART, 194000, 194500,  -4.735911130679791E+07  -2.540776652591531E+08  -1.124864102126427E+08
DART, 194500, 195000,  -4.677116628576612E+07  -2.539534063078833E+08  -1.124667751368923E+08
DART, 195000, 195500,  -4.618297738649644E+07  -2.538277875443617E+08  -1.124465379319483E+08
DART, 195500, 196000,  -4.559455132745025E+07  -2.537008088411824E+08  -1.124256986594178E+08
DART, 196000, 196500,  -4.500588696320232E+07  -2.535724709222978E+08  -1.124042563583893E+08
DART, 196500, 197000,  -4.441698513637473E+07  -2.534427669923190E+08  -1.123822082071937E+08
DART, 197000, 197500,  -4.382785333619016E+07  -2.533116941272601E+08  -1.123595535706046E+08
DART, 197500, 198000,  -4.323849291298777E+07  -2.531792544717897E+08  -1.123362922892941E+08
DART, 198000, 198500,  -4.264890247170638E+07  -2.530454430945095E+08  -1.123124217098562E+08
DART, 198500, 199000,  -4.205908852051379E+07  -2.529102544389893E+08  -1.122879402657164E+08
DART, 199000, 199500,  -4.146905537145785E+07  -2.527736904058807E+08  -1.122628481919785E+08
DART, 199500, 200000,  -4.087880085225370E+07  -2.526357488120865E+08  -1.122371434943200E+08
DART, 200000, 200500,  -4.028832910641947E+07  -2.524964225766265E+08  -1.122108237727702E+08
DART, 200500, 201000,  -3.969764682069261E+07  -2.523557117741891E+08  -1.121838891042581E+08
DART, 201000, 201500,  -3.910675280096100E+07  -2.522136168584110E+08  -1.121563384035069E+08
DART, 201500, 202000,  -3.851564830976476E+07  -2.520701308760558E+08  -1.121281688322442E+08
DART, 202000, 202500,  -3.792434098044559E+07  -2.519252511469561E+08  -1.120993798103548E+08
DART, 202500, 203000,  -3.733283201490782E+07  -2.517789796942696E+08  -1.120699710805908E+08
DART, 203000, 203500,  -3.674112033207196E+07  -2.516313112935911E+08  -1.120399399161810E+08
DART, 203500, 204000,  -3.614921275782353E+07  -2.514822405689203E+08  -1.120092848146518E+08
DART, 204000, 204500,  -3.555711345957031E+07  -2.513317694747972E+08  -1.119780059639825E+08
DART, 204500, 205000,  -3.496482041025265E+07  -2.511798954883886E+08  -1.119461012552096E+08
DART, 205000, 205500,  -3.437233818086792E+07  -2.510266115635397E+08  -1.119135683273712E+08
DART, 205500, 206000,  -3.377967342047391E+07  -2.508719179676403E+08  -1.118804072670680E+08
DART, 206000, 206500,  -3.318682491043940E+07  -2.507158148731895E+08  -1.118466168634311E+08
DART, 206500, 207000,  -3.259379434814702E+07  -2.505582951864957E+08  -1.118121942670310E+08
DART, 207000, 207500,  -3.200058950184036E+07  -2.503993564723396E+08  -1.117771389497083E+08
DART, 207500, 208000,  -3.140721144038014E+07  -2.502390006156025E+08  -1.117414505519093E+08
DART, 208000, 208500,  -3.081365942086625E+07  -2.500772221097174E+08  -1.117051262785135E+08
DART, 208500, 209000,  -3.021994058110897E+07  -2.499140157705462E+08  -1.116681646914996E+08
DART, 209000, 209500,  -2.962605894832771E+07  -2.497493835900484E+08  -1.116305659256364E+08
DART, 209500, 210000,  -2.903201266884458E+07  -2.495833227062526E+08  -1.115923277599782E+08
DART, 210000, 210500,  -2.843780674428645E+07  -2.494158261256609E+08  -1.115534478761884E+08
DART, 210500, 211000,  -2.784344778139342E+07  -2.492468942983605E+08  -1.115139263648345E+08
DART, 211000, 211500,  -2.724893456245741E+07  -2.490765271060885E+08  -1.114737618886915E+08
DART, 211500, 212000,  -2.665426923416162E+07  -2.489047173327554E+08  -1.114329515926461E+08
DART, 212000, 212500,  -2.605945969111891E+07  -2.487314627884218E+08  -1.113914949971278E+08
DART, 212500, 213000,  -2.546450688625010E+07  -2.485567652035920E+08  -1.113493916362685E+08
DART, 213000, 213500,  -2.486941043895898E+07  -2.483806188016005E+08  -1.113066386518641E+08
DART, 213500, 214000,  -2.427417779322353E+07  -2.482030186010191E+08  -1.112632346704412E+08
DART, 214000, 214500,  -2.367881284229278E+07  -2.480239666147691E+08  -1.112191797676670E+08
DART, 214500, 215000,  -2.308331393460726E+07  -2.478434596437865E+08  -1.111744716136923E+08
DART, 215000, 215500,  -2.248768650518357E+07  -2.476614907650236E+08  -1.111291079362549E+08
DART, 215500, 216000,  -2.189193711522565E+07  -2.474780606007334E+08  -1.110830888241666E+08
DART, 216000, 216500,  -2.129606457465383E+07  -2.472931687335469E+08  -1.110364128135625E+08
DART, 216500, 217000,  -2.070007149347418E+07  -2.471068078436792E+08  -1.109890770491414E+08
DART, 217000, 217500,  -2.010396588493905E+07  -2.469189759860529E+08  -1.109410810963733E+08
DART, 217500, 218000,  -1.950774860486634E+07  -2.467296747214758E+08  -1.108924243794785E+08
DART, 218000, 218500,  -1.891141965900828E+07  -2.465388980164715E+08  -1.108431039826819E+08
DART, 218500, 219000,  -1.831498679189616E+07  -2.463466411026023E+08  -1.107931185969199E+08
DART, 219000, 219500,  -1.771845377085283E+07  -2.461529059974242E+08  -1.107424682331038E+08
DART, 219500, 220000,  -1.712181917572783E+07  -2.459576891683268E+08  -1.106911504559908E+08
DART, 220000, 220500,  -1.652508887736948E+07  -2.457609837804609E+08  -1.106391630426846E+08
DART, 220500, 221000,  -1.592826938974050E+07  -2.455627906172890E+08  -1.105865060745464E+08
DART, 221000, 221500,  -1.533135957833686E+07  -2.453631089553682E+08  -1.105331779612930E+08
DART, 221500, 222000,  -1.473436253010124E+07  -2.451619313905586E+08  -1.104791758529581E+08
DART, 222000, 222500,  -1.413728637010802E+07  -2.449592562215457E+08  -1.104244993563610E+08
DART, 222500, 223000,  -1.354013187765039E+07  -2.447550848250238E+08  -1.103691477826619E+08
DART, 223000, 223500,  -1.294289946878227E+07  -2.445494109252362E+08  -1.103131181642814E+08
DART, 223500, 224000,  -1.234559718321825E+07  -2.443422299764753E+08  -1.102564092562176E+08
DART, 224000, 224500,  -1.174822867227576E+07  -2.441335439848658E+08  -1.101990209992584E+08
DART, 224500, 225000,  -1.115079277702827E+07  -2.439233490893520E+08  -1.101409508567189E+08
DART, 225000, 225500,  -1.055329580635323E+07  -2.437116385609871E+08  -1.100821966582167E+08
DART, 225500, 226000,  -9.955744226871038E+06  -2.434984133331720E+08  -1.100227584720429E+08
DART, 226000, 226500,  -9.358136988821581E+06  -2.432836723708944E+08  -1.099626345822484E+08
DART, 226500, 227000,  -8.760477669323932E+06  -2.430674082056341E+08  -1.099018221497561E+08
DART, 227000, 227500,  -8.162774499483094E+06  -2.428496193781336E+08  -1.098403208189413E+08
DART, 227500, 228000,  -7.565028204398211E+06  -2.426303070675876E+08  -1.097781297852449E+08
DART, 228000, 228500,  -6.967239634286387E+06  -2.424094647717481E+08  -1.097152460353066E+08
DART, 228500, 229000,  -6.369417119032277E+06  -2.421870881768741E+08  -1.096516683876585E+08
DART, 229000, 229500,  -5.771564205800390E+06  -2.419631792619893E+08  -1.095873967079313E+08
DART, 229500, 230000,  -5.173680027207512E+06  -2.417377338443053E+08  -1.095224283624061E+08
DART, 230000, 230500,  -4.575771332199178E+06  -2.415107453184482E+08  -1.094567612362356E+08
DART, 230500, 231000,  -3.977844541651599E+06  -2.412822147562935E+08  -1.093903953791476E+08
DART, 231000, 231500,  -3.379898720922074E+06  -2.410521408073370E+08  -1.093233289508378E+08
DART, 231500, 232000,  -2.781937950217349E+06  -2.408205159592940E+08  -1.092555591287147E+08
DART, 232000, 232500,  -2.183970562025880E+06  -2.405873389927410E+08  -1.091870855908597E+08
DART, 232500, 233000,  -1.585997251346115E+06  -2.403526108771528E+08  -1.091179074148657E+08
DART, 233000, 233500,  -9.880193263323951E+05  -2.401163249008645E+08  -1.090480215478845E+08
DART, 233500, 234000,  -3.900454024970111E+05  -2.398784769908872E+08  -1.089774268713096E+08
DART, 234000, 234500,   2.079210633148563E+05  -2.396390690840198E+08  -1.089061231709686E+08
DART, 234500, 235000,   8.058806161404443E+05  -2.393980966841305E+08  -1.088341077209915E+08
DART, 235000, 235500,   1.403826064999620E+06  -2.391555533270783E+08  -1.087613784649844E+08
DART, 235500, 236000,   2.001751031375667E+06  -2.389114402116944E+08  -1.086879354288026E+08
DART, 236000, 236500,   2.599656303237842E+06  -2.386657556697425E+08  -1.086137766496882E+08
DART, 236500, 237000,   3.197537284665429E+06  -2.384184921664461E+08  -1.085388993271892E+08
DART, 237000, 237500,   3.795385545179645E+06  -2.381696487195807E+08  -1.084633031692404E+08
DART, 237500, 238000,   4.393200394025856E+06  -2.379192260779921E+08  -1.083869871340363E+08
DART, 238000, 238500,   4.990980041423702E+06  -2.376672173389909E+08  -1.083099481358162E+08
DART, 238500, 239000,   5.588715590194655E+06  -2.374136186787419E+08  -1.082321851180611E+08
DART, 239000, 239500,   6.186403657957695E+06  -2.371584319773991E+08  -1.081536977825951E+08
DART, 239500, 240000,   6.784044436141575E+06  -2.369016524356230E+08  -1.080744833167765E+08
DART, 240000, 240500,   7.381630289750361E+06  -2.366432737481931E+08  -1.079945397255115E+08
DART, 240500, 241000,   7.979154877373203E+06  -2.363832972294694E+08  -1.079138670057188E+08
DART, 241000, 241500,   8.576618807590980E+06  -2.361217208930405E+08  -1.078324630747136E+08
DART, 241500, 242000,   9.174016956378343E+06  -2.358585372035947E+08  -1.077503251599173E+08
DART, 242000, 242500,   9.771340797293603E+06  -2.355937454131790E+08  -1.076674529953197E+08
DART, 242500, 243000,   1.036858961620424E+07  -2.353273460405621E+08  -1.075838454187940E+08
DART, 243000, 243500,   1.096576111808949E+07  -2.350593320117849E+08  -1.074994993185455E+08
DART, 243500, 244000,   1.156284612736784E+07  -2.347896997602639E+08  -1.074144136993152E+08
DART, 244000, 244500,   1.215984131820275E+07  -2.345184510959632E+08  -1.073285881752305E+08
DART, 244500, 245000,   1.275674649670702E+07  -2.342455809282970E+08  -1.072420198527802E+08
DART, 245000, 245500,   1.335355358177559E+07  -2.339710831287306E+08  -1.071547068009811E+08
DART, 245500, 246000,   1.395025626189519E+07  -2.336949591159835E+08  -1.070666489830651E+08
DART, 246000, 246500,   1.454685493240316E+07  -2.334172065869478E+08  -1.069778441996118E+08
DART, 246500, 247000,   1.514334392895526E+07  -2.331378180284575E+08  -1.068882897117563E+08
DART, 247000, 247500,   1.573971462969471E+07  -2.328567929237486E+08  -1.067979852758655E+08
DART, 247500, 248000,   1.633596626772396E+07  -2.325741315536919E+08  -1.067069296092509E+08
DART, 248000, 248500,   1.693209601922652E+07  -2.322898266942284E+08  -1.066151195812916E+08
DART, 248500, 249000,   1.752809443266607E+07  -2.320038750439228E+08  -1.065225542571634E+08
DART, 249000, 249500,   1.812395821873144E+07  -2.317162783300640E+08  -1.064292331601796E+08
DART, 249500, 250000,   1.871968676608578E+07  -2.314270311846958E+08  -1.063351533224173E+08
DART, 250000, 250500,   1.931527154521693E+07  -2.311361276738826E+08  -1.062403128798235E+08
DART, 250500, 251000,   1.991070626527502E+07  -2.308435693099719E+08  -1.061447117575808E+08
DART, 251000, 251500,   2.050599107339016E+07  -2.305493534766924E+08  -1.060483476434342E+08
DART, 251500, 252000,   2.110111975281245E+07  -2.302534727064853E+08  -1.059512178382171E+08
DART, 252000, 252500,   2.169608358524253E+07  -2.299559267106914E+08  -1.058533221171876E+08
DART, 252500, 253000,   2.229088171988465E+07  -2.296567155262625E+08  -1.057546590775987E+08
DART, 253000, 253500,   2.288551078062875E+07  -2.293558318016898E+08  -1.056552255775732E+08
DART, 253500, 254000,   2.347996104151711E+07  -2.290532725084987E+08  -1.055550207419636E+08
DART, 254000, 254500,   2.407422922763138E+07  -2.287490392800722E+08  -1.054540440008011E+08
DART, 254500, 255000,   2.466831427765693E+07  -2.284431264869720E+08  -1.053522923188021E+08
DART, 255000, 255500,   2.526220721108891E+07  -2.281355284080059E+08  -1.052497639017259E+08
DART, 255500, 256000,   2.585590174642263E+07  -2.278262466390507E+08  -1.051464586328118E+08
DART, 256000, 256500,   2.644939774654577E+07  -2.275152782564043E+08  -1.050423740916320E+08
DART, 256500, 257000,   2.704268843028986E+07  -2.272026158624249E+08  -1.049375076248886E+08
DART, 257000, 257500,   2.763576498020969E+07  -2.268882593936475E+08  -1.048318590235189E+08
DART, 257500, 258000,   2.822862642874139E+07  -2.265722086390737E+08  -1.047254267660301E+08
DART, 258000, 258500,   2.882126882401473E+07  -2.262544561439587E+08  -1.046182077072614E+08
DART, 258500, 259000,   2.941368216614083E+07  -2.259349991606596E+08  -1.045102010311247E+08
DART, 259000, 259500,   3.000586317030312E+07  -2.256138392189004E+08  -1.044014060726327E+08
DART, 259500, 260000,   3.059781029227354E+07  -2.252909704457839E+08  -1.042918197368323E+08
DART, 260000, 260500,   3.118951409754784E+07  -2.249663873513556E+08  -1.041814403023038E+08
DART, 260500, 261000,   3.178096830045763E+07  -2.246400916057878E+08  -1.040702676070103E+08
DART, 261000, 261500,   3.237217244252520E+07  -2.243120799860535E+08  -1.039582991278346E+08
DART, 261500, 262000,   3.296311916611485E+07  -2.239823451896960E+08  -1.038455322637618E+08
DART, 262000, 262500,   3.355379955011383E+07  -2.236508873759232E+08  -1.037319668185644E+08
DART, 262500, 263000,   3.414421247556247E+07  -2.233177060839633E+08  -1.036176011542044E+08
DART, 263000, 263500,   3.473435339135204E+07  -2.229827937817267E+08  -1.035024321306675E+08
DART, 263500, 264000,   3.532421202299777E+07  -2.226461480105044E+08  -1.033864589905351E+08
DART, 264000, 264500,   3.591378504935032E+07  -2.223077701883160E+08  -1.032696809728867E+08
DART, 264500, 265000,   3.650307041001943E+07  -2.219676542190769E+08  -1.031520949314850E+08
DART, 265000, 265500,   3.709205821311591E+07  -2.216257948630103E+08  -1.030336992209348E+08
DART, 265500, 266000,   3.768074215327300E+07  -2.212821938563891E+08  -1.029144936312376E+08
DART, 266000, 266500,   3.826912141279638E+07  -2.209368476874167E+08  -1.027944755429375E+08
DART, 266500, 267000,   3.885718804586880E+07  -2.205897491750112E+08  -1.026736424139893E+08
DART, 267000, 267500,   3.944493302094181E+07  -2.202408986989429E+08  -1.025519940584836E+08
DART, 267500, 268000,   4.003235503135636E+07  -2.198902955493397E+08  -1.024295287250477E+08
DART, 268000, 268500,   4.061944890362734E+07  -2.195379321445345E+08  -1.023062432878421E+08
DART, 268500, 269000,   4.120620408699776E+07  -2.191838063233102E+08  -1.021821370480953E+08
DART, 269000, 269500,   4.179261719551605E+07  -2.188279193859160E+08  -1.020572091489795E+08
DART, 269500, 270000,   4.237868561904102E+07  -2.184702650357771E+08  -1.019314564021254E+08
DART, 270000, 270500,   4.296439900418591E+07  -2.181108383029057E+08  -1.018048772416556E+08
DART, 270500, 271000,   4.354975100774784E+07  -2.177496409829303E+08  -1.016774714077051E+08
DART, 271000, 271500,   4.413474041337820E+07  -2.173866692887489E+08  -1.015492361918217E+08
DART, 271500, 272000,   4.471935867436687E+07  -2.170219161883463E+08  -1.014201691180687E+08
DART, 272000, 272500,   4.530359664147166E+07  -2.166553822812254E+08  -1.012902700092967E+08
DART, 272500, 273000,   4.588745278264567E+07  -2.162870666113951E+08  -1.011595370049102E+08
DART, 273000, 273500,   4.647092127817512E+07  -2.159169615769088E+08  -1.010279670025728E+08
DART, 273500, 274000,   4.705399129758172E+07  -2.155450653230039E+08  -1.008955593623990E+08
DART, 274000, 274500,   4.763665935927784E+07  -2.151713790282166E+08  -1.007623131326226E+08
DART, 274500, 275000,   4.821892226945467E+07  -2.147958962207056E+08  -1.006282250926988E+08
DART, 275000, 275500,   4.880076920864190E+07  -2.144186122206624E+08  -1.004932937601427E+08
DART, 275500, 276000,   4.938219377579335E+07  -2.140395288779086E+08  -1.003575188242130E+08
DART, 276000, 276500,   4.996319431624064E+07  -2.136586421463160E+08  -1.002208974958522E+08
DART, 276500, 277000,   5.054376167047294E+07  -2.132759451717328E+08  -1.000834273728033E+08
DART, 277000, 277500,   5.112388656090931E+07  -2.128914387733030E+08  -9.994510828547341E+07
DART, 277500, 278000,   5.170356719061498E+07  -2.125051217552204E+08  -9.980593826950817E+07
DART, 278000, 278500,   5.228279707054885E+07  -2.121169865270868E+08  -9.966591425638622E+07
DART, 278500, 279000,   5.286156508614939E+07  -2.117270315506923E+08  -9.952503566608390E+07
DART, 279000, 279500,   5.343986762753782E+07  -2.113352578815879E+08  -9.938330145411426E+07
DART, 279500, 280000,   5.401770088319437E+07  -2.109416589007084E+08  -9.924070837867337E+07
DART, 280000, 280500,   5.459505356227034E+07  -2.105462302398455E+08  -9.909725504503995E+07
DART, 280500, 281000,   5.517191918348622E+07  -2.101489737997929E+08  -9.895294109158619E+07
DART, 281000, 281500,   5.574829561313479E+07  -2.097498852948487E+08  -9.880776365815812E+07
DART, 281500, 282000,   5.632417306650167E+07  -2.093489580790961E+08  -9.866172042430303E+07
DART, 282000, 282500,   5.689954212545852E+07  -2.089461931927181E+08  -9.851481122770187E+07
DART, 282500, 283000,   5.747440068724763E+07  -2.085415892094103E+08  -9.836703400688843E+07
DART, 283000, 283500,   5.804874157018485E+07  -2.081351385842316E+08  -9.821838573810385E+07
DART, 283500, 284000,   5.862255336967044E+07  -2.077268401066447E+08  -9.806886590276043E+07
DART, 284000, 284500,   5.919583231276283E+07  -2.073166947107212E+08  -9.791847336709571E+07
DART, 284500, 285000,   5.976857393598583E+07  -2.069046956611564E+08  -9.776720487996066E+07
DART, 285000, 285500,   6.034076647109335E+07  -2.064908389240185E+08  -9.761505913938384E+07
DART, 285500, 286000,   6.091240333199437E+07  -2.060751264501534E+08  -9.746203573401183E+07
DART, 286000, 286500,   6.148348186456911E+07  -2.056575537371905E+08  -9.730813174337517E+07
DART, 286500, 287000,   6.205399164640578E+07  -2.052381143796085E+08  -9.715334493765952E+07
DART, 287000, 287500,   6.262392310468638E+07  -2.048168096418065E+08  -9.699767516254926E+07
DART, 287500, 288000,   6.319327378858987E+07  -2.043936378798332E+08  -9.684112026753837E+07
DART, 288000, 288500,   6.376203580063588E+07  -2.039685916306306E+08  -9.668367728547837E+07
DART, 288500, 289000,   6.433019743885504E+07  -2.035416700239312E+08  -9.652534576164289E+07
DART, 289000, 289500,   6.489775473060539E+07  -2.031128738770539E+08  -9.636612447787899E+07
DART, 289500, 290000,   6.546470252619641E+07  -2.026821963726731E+08  -9.620601018675566E+07
DART, 290000, 290500,   6.603102857328133E+07  -2.022496338353634E+08  -9.604500168481308E+07
DART, 290500, 291000,   6.659672615427034E+07  -2.018151882677743E+08  -9.588309851346602E+07
DART, 291000, 291500,   6.716179205272514E+07  -2.013788549774924E+08  -9.572029770409863E+07
DART, 291500, 292000,   6.772621519595139E+07  -2.009406278335710E+08  -9.555659712719885E+07
DART, 292000, 292500,   6.828998584036542E+07  -2.005005083299210E+08  -9.539199663834485E+07
DART, 292500, 293000,   6.885310114364293E+07  -2.000584946216336E+08  -9.522649400761026E+07
DART, 293000, 293500,   6.941555246955249E+07  -1.996145793666976E+08  -9.506008633731513E+07
DART, 293500, 294000,   6.997732781002837E+07  -1.991687620495065E+08  -9.489277324002123E+07
DART, 294000, 294500,   7.053842295432472E+07  -1.987210433789299E+08  -9.472455341965435E+07
DART, 294500, 295000,   7.109883203236677E+07  -1.982714164933249E+08  -9.455542364683242E+07
DART, 295000, 295500,   7.165854230032404E+07  -1.978198781018536E+08  -9.438538282329577E+07
DART, 295500, 296000,   7.221754688040254E+07  -1.973664302637823E+08  -9.421443044722264E+07
DART, 296000, 296500,   7.277584195156580E+07  -1.969110681273084E+08  -9.404256351554506E+07
DART, 296500, 297000,   7.333341577821738E+07  -1.964537858725409E+08  -9.386978000969791E+07
DART, 297000, 297500,   7.389025842807727E+07  -1.959945852307171E+08  -9.369607979838941E+07
DART, 297500, 298000,   7.444636662287030E+07  -1.955334641768638E+08  -9.352146058359909E+07
DART, 298000, 298500,   7.500173096497941E+07  -1.950704155322031E+08  -9.334591955113499E+07
DART, 298500, 299000,   7.555633913019562E+07  -1.946054391523615E+08  -9.316945638546513E+07
DART, 299000, 299500,   7.611018662969442E+07  -1.941385356500524E+08  -9.299206972082898E+07
DART, 299500, 300000,   7.666326683911926E+07  -1.936696981608113E+08  -9.281375636164643E+07
DART, 300000, 300500,   7.721556651518129E+07  -1.931989238066757E+08  -9.263451532265888E+07
DART, 300500, 301000,   7.776707858933300E+07  -1.927262147118463E+08  -9.245434606450334E+07
DART, 301000, 301500,   7.831779859351712E+07  -1.922515659001576E+08  -9.227324556504263E+07
DART, 301500, 302000,   7.886771411670259E+07  -1.917749719018863E+08  -9.209121192846063E+07
DART, 302000, 302500,   7.941681501827407E+07  -1.912964346963715E+08  -9.190824504138485E+07
DART, 302500, 303000,   7.996509753880128E+07  -1.908159521040675E+08  -9.172434255091180E+07
DART, 303000, 303500,   8.051255149713889E+07  -1.903335171549565E+08  -9.153950174168794E+07
DART, 303500, 304000,   8.105916424169531E+07  -1.898491300950698E+08  -9.135372237610398E+07
DART, 304000, 304500,   8.160493096426739E+07  -1.893627914576865E+08  -9.116700302890892E+07
DART, 304500, 305000,   8.214984425281830E+07  -1.888744944211408E+08  -9.097934055566846E+07
DART, 305000, 305500,   8.269389035616724E+07  -1.883842365512268E+08  -9.079073409323920E+07
DART, 305500, 306000,   8.323706198284325E+07  -1.878920200493668E+08  -9.060118307232291E+07
DART, 306000, 306500,   8.377935397547582E+07  -1.873978398548014E+08  -9.041068446896066E+07
DART, 306500, 307000,   8.432075323531894E+07  -1.869016908900756E+08  -9.021923652323754E+07
DART, 307000, 307500,   8.486124939227267E+07  -1.864035753968371E+08  -9.002683914626358E+07
DART, 307500, 308000,   8.540083816009171E+07  -1.859034910714762E+08  -8.983348994553991E+07
DART, 308000, 308500,   8.593950855267200E+07  -1.854014312019514E+08  -8.963918632141857E+07
DART, 308500, 309000,   8.647724757879269E+07  -1.848973964469220E+08  -8.944392812185229E+07
DART, 309000, 309500,   8.701405006855366E+07  -1.843913872818513E+08  -8.924771387446755E+07
DART, 309500, 310000,   8.754990778962284E+07  -1.838833969779782E+08  -8.905054050509658E+07
DART, 310000, 310500,   8.808480647423188E+07  -1.833734235787510E+08  -8.885240728335980E+07
DART, 310500, 311000,   8.861873857449161E+07  -1.828614693795699E+08  -8.865331361976963E+07
DART, 311000, 311500,   8.915169820189860E+07  -1.823475292799921E+08  -8.845325650785327E+07
DART, 311500, 312000,   8.968367155820094E+07  -1.818315986403151E+08  -8.825223433831277E+07
DART, 312000, 312500,   9.021464802143340E+07  -1.813136799826397E+08  -8.805024705531996E+07
DART, 312500, 313000,   9.074462273280245E+07  -1.807937709152679E+08  -8.784729224435598E+07
DART, 313000, 313500,   9.127358388082492E+07  -1.802718650374206E+08  -8.764336744007105E+07
DART, 313500, 314000,   9.180151812167007E+07  -1.797479634461510E+08  -8.743847258548783E+07
DART, 314000, 314500,   9.232841988080044E+07  -1.792220665861185E+08  -8.723260617588104E+07
DART, 314500, 315000,   9.285428007412623E+07  -1.786941678764513E+08  -8.702576522845516E+07
DART, 315000, 315500,   9.337908390862140E+07  -1.781642658756252E+08  -8.681794915801947E+07
DART, 315500, 316000,   9.390282354554985E+07  -1.776323629947721E+08  -8.660915736703169E+07
DART, 316000, 316500,   9.442549232436076E+07  -1.770984541442434E+08  -8.639938688808785E+07
DART, 316500, 317000,   9.494707573632160E+07  -1.765625351713853E+08  -8.618863627902094E+07
DART, 317000, 317500,   9.546756288436764E+07  -1.760246089013690E+08  -8.597690552792014E+07
DART, 317500, 318000,   9.598694829182558E+07  -1.754846728963226E+08  -8.576419221833843E+07
DART, 318000, 318500,   9.650521930281222E+07  -1.749427211244967E+08  -8.555049403976865E+07
DART, 318500, 319000,   9.702236220754208E+07  -1.743987551511661E+08  -8.533581104194431E+07
DART, 319000, 319500,   9.753837098377235E+07  -1.738527754231080E+08  -8.512014170520782E+07
DART, 319500, 320000,   9.805323566580540E+07  -1.733047755676204E+08  -8.490348316145135E+07
DART, 320000, 320500,   9.856694092709637E+07  -1.727547546995416E+08  -8.468583498513451E+07
DART, 320500, 321000,   9.907947860319179E+07  -1.722027153730361E+08  -8.446719658544677E+07
DART, 321000, 321500,   9.959084122201072E+07  -1.716486525657390E+08  -8.424756505814031E+07
DART, 321500, 322000,   1.001010135546056E+08  -1.710925626656064E+08  -8.402693914674309E+07
DART, 322000, 322500,   1.006099844052058E+08  -1.705344488285296E+08  -8.380531889666912E+07
DART, 322500, 323000,   1.011177476349055E+08  -1.699743086188046E+08  -8.358270191239433E+07
DART, 323000, 323500,   1.016242897262884E+08  -1.694121364363932E+08  -8.335908606099465E+07
DART, 323500, 324000,   1.021295965903845E+08  -1.688479343492231E+08  -8.313447151296812E+07
DART, 324000, 324500,   1.026336617146546E+08  -1.682817028455590E+08  -8.290885675405422E+07
DART, 324500, 325000,   1.031364742241230E+08  -1.677134358268771E+08  -8.268223905659825E+07
DART, 325000, 325500,   1.036380182513725E+08  -1.671431330101865E+08  -8.245461817148553E+07
DART, 325500, 326000,   1.041382852715330E+08  -1.665707971261016E+08  -8.222599353235443E+07
DART, 326000, 326500,   1.046372669635883E+08  -1.659964232825023E+08  -8.199636232495075E+07
DART, 326500, 327000,   1.051349473704281E+08  -1.654200084662552E+08  -8.176572349938053E+07
DART, 327000, 327500,   1.056313149742113E+08  -1.648415561972304E+08  -8.153407717463304E+07
DART, 327500, 328000,   1.061263629311343E+08  -1.642610640971618E+08  -8.130142100197516E+07
DART, 328000, 328500,   1.066200768476228E+08  -1.636785270657670E+08  -8.106775305126248E+07
DART, 328500, 329000,   1.071124422430286E+08  -1.630939477132219E+08  -8.083307363051966E+07
DART, 329000, 329500,   1.076034520731510E+08  -1.625073266156363E+08  -8.059738125439592E+07
DART, 329500, 330000,   1.080930945289542E+08  -1.619186580208469E+08  -8.036067336416057E+07
DART, 330000, 330500,   1.085813531963492E+08  -1.613279422988371E+08  -8.012294990650472E+07
DART, 330500, 331000,   1.090682191562901E+08  -1.607351823967737E+08  -7.988421036045207E+07
DART, 331000, 331500,   1.095536832042909E+08  -1.601403736226753E+08  -7.964445203158629E+07
DART, 331500, 332000,   1.100377286496164E+08  -1.595435136258388E+08  -7.940367410007372E+07
DART, 332000, 332500,   1.105203436300056E+08  -1.589446063295553E+08  -7.916187677787207E+07
DART, 332500, 333000,   1.110015205566426E+08  -1.583436494756890E+08  -7.891905779218826E+07
DART, 333000, 333500,   1.114812441484506E+08  -1.577406385375663E+08  -7.867521544357879E+07
DART, 333500, 334000,   1.119594995221271E+08  -1.571355767129247E+08  -7.843035019736744E+07
DART, 334000, 334500,   1.124362790625778E+08  -1.565284647195968E+08  -7.818446062408707E+07
DART, 334500, 335000,   1.129115700056734E+08  -1.559192972305676E+08  -7.793754436536717E+07
DART, 335000, 335500,   1.133853553872137E+08  -1.553080753251090E+08  -7.768960158598605E+07
DART, 335500, 336000,   1.138576258620844E+08  -1.546948022142870E+08  -7.744063183480090E+07
DART, 336000, 336500,   1.143283713116157E+08  -1.540794734835295E+08  -7.719063257034327E+07
DART, 336500, 337000,   1.147975743093250E+08  -1.534620875137726E+08  -7.693960322920713E+07
DART, 337000, 337500,   1.152652226281361E+08  -1.528426486779187E+08  -7.668754413915668E+07
DART, 337500, 338000,   1.157313078976801E+08  -1.522211549085506E+08  -7.643445313603634E+07
DART, 338000, 338500,   1.161958139422478E+08  -1.515976023326980E+08  -7.618032878202212E+07
DART, 338500, 339000,   1.166587254673759E+08  -1.509719947872344E+08  -7.592517172282527E+07
DART, 339000, 339500,   1.171200342510580E+08  -1.503443331936204E+08  -7.566898061557615E+07
DART, 339500, 340000,   1.175797265578190E+08  -1.497146127357969E+08  -7.541175333692993E+07
DART, 340000, 340500,   1.180377848732551E+08  -1.490828352646469E+08  -7.515349029523335E+07
DART, 340500, 341000,   1.184941993972782E+08  -1.484490043102562E+08  -7.489419113742831E+07
DART, 341000, 341500,   1.189489590712779E+08  -1.478131158205237E+08  -7.463385351162910E+07
DART, 341500, 342000,   1.194020457352961E+08  -1.471751689833631E+08  -7.437247714039381E+07
DART, 342000, 342500,   1.198534467801462E+08  -1.465351686747497E+08  -7.411006249387375E+07
DART, 342500, 343000,   1.203031530221746E+08  -1.458931130968972E+08  -7.384660755305538E+07
DART, 343000, 343500,   1.207511473892716E+08  -1.452489991172601E+08  -7.358211117591587E+07
DART, 343500, 344000,   1.211974141709545E+08  -1.446028312701702E+08  -7.331657421525146E+07
DART, 344000, 344500,   1.216419445068082E+08  -1.439546107510911E+08  -7.304999544950743E+07
DART, 344500, 345000,   1.220847236797993E+08  -1.433043333480901E+08  -7.278237302850457E+07
DART, 345000, 345500,   1.225257336297975E+08  -1.426520017524183E+08  -7.251370763311894E+07
DART, 345500, 346000,   1.229649640771777E+08  -1.419976198765210E+08  -7.224399904069754E+07
DART, 346000, 346500,   1.234024030039583E+08  -1.413411841239441E+08  -7.197324512932958E+07
DART, 346500, 347000,   1.238380315246560E+08  -1.406826945714032E+08  -7.170144594050060E+07
DART, 347000, 347500,   1.242718366351613E+08  -1.400221566591113E+08  -7.142860211733977E+07
DART, 347500, 348000,   1.247038083130718E+08  -1.393595689464774E+08  -7.115471182651617E+07
DART, 348000, 348500,   1.251339285948376E+08  -1.386949291350241E+08  -7.087977425948869E+07
DART, 348500, 349000,   1.255621813541439E+08  -1.380282425220117E+08  -7.060379050671050E+07
DART, 349000, 349500,   1.259885570667135E+08  -1.373595106561034E+08  -7.032675950689688E+07
DART, 349500, 350000,   1.264130400312409E+08  -1.366887300302904E+08  -7.004867972487260E+07
DART, 350000, 350500,   1.268356116523397E+08  -1.360159042517411E+08  -6.976955214674273E+07
DART, 350500, 351000,   1.272562611521826E+08  -1.353410376871986E+08  -6.948937671689886E+07
DART, 351000, 351500,   1.276749755418679E+08  -1.346641272974158E+08  -6.920815158777639E+07
DART, 351500, 352000,   1.280917352254907E+08  -1.339851741365322E+08  -6.892587715643208E+07
DART, 352000, 352500,   1.285065267972667E+08  -1.333041842782623E+08  -6.864255427383912E+07
DART, 352500, 353000,   1.289193393784986E+08  -1.326211567357218E+08  -6.835818133715601E+07
DART, 353000, 353500,   1.293301541274481E+08  -1.319360901453373E+08  -6.807275791274643E+07
DART, 353500, 354000,   1.297389545088167E+08  -1.312489906402866E+08  -6.778628536343662E+07
DART, 354000, 354500,   1.301457303167995E+08  -1.305598602107592E+08  -6.749876283164091E+07
DART, 354500, 355000,   1.305504648723039E+08  -1.298686961633021E+08  -6.721018914294253E+07
DART, 355000, 355500,   1.309531390628440E+08  -1.291755031036149E+08  -6.692056562535646E+07
DART, 355500, 356000,   1.313537416014769E+08  -1.284802859335212E+08  -6.662989243148653E+07
DART, 356000, 356500,   1.317522585265982E+08  -1.277830422809964E+08  -6.633816803661846E+07
DART, 356500, 357000,   1.321486695559831E+08  -1.270837742730672E+08  -6.604539323385129E+07
DART, 357000, 357500,   1.325429608834793E+08  -1.263824886943192E+08  -6.575156912124832E+07
DART, 357500, 358000,   1.329351207665860E+08  -1.256791851168043E+08  -6.545669437553255E+07
DART, 358000, 358500,   1.333251295090084E+08  -1.249738632194597E+08  -6.516076898306910E+07
DART, 358500, 359000,   1.337129701821797E+08  -1.242665300513590E+08  -6.486379461776906E+07
DART, 359000, 359500,   1.340986318911932E+08  -1.235571881412446E+08  -6.456577067380694E+07
DART, 359500, 360000,   1.344820969967911E+08  -1.228458357258120E+08  -6.426669638756159E+07
DART, 360000, 360500,   1.348633458971524E+08  -1.221324784988711E+08  -6.396657346939380E+07
DART, 360500, 361000,   1.352423667951388E+08  -1.214171219868204E+08  -6.366540232566919E+07
DART, 361000, 361500,   1.356191447664855E+08  -1.206997646031200E+08  -6.336318180709061E+07
DART, 361500, 362000,   1.359936588776819E+08  -1.199804096499474E+08  -6.305991314717421E+07
DART, 362000, 362500,   1.363658949335293E+08  -1.192590647084792E+08  -6.275559773492616E+07
DART, 362500, 363000,   1.367358403321298E+08  -1.185357300241182E+08  -6.245023458035744E+07
DART, 363000, 363500,   1.371034745582460E+08  -1.178104064336378E+08  -6.214382413925703E+07
DART, 363500, 364000,   1.374687803160486E+08  -1.170831019906988E+08  -6.183636844034769E+07
DART, 364000, 364500,   1.378317460257021E+08  -1.163538198691759E+08  -6.152786718180773E+07
DART, 364500, 365000,   1.381923531193061E+08  -1.156225593585890E+08  -6.121832006375313E+07
DART, 365000, 365500,   1.385505815457807E+08  -1.148893273368726E+08  -6.090772922421763E+07
DART, 365500, 366000,   1.389064190091992E+08  -1.141541300528615E+08  -6.059609537400749E+07
DART, 366000, 366500,   1.392598496470503E+08  -1.134169668315821E+08  -6.028341779625950E+07
DART, 366500, 367000,   1.396108519229817E+08  -1.126778422589395E+08  -5.996969821330584E+07
DART, 367000, 367500,   1.399594112767593E+08  -1.119367648060548E+08  -5.965493835337673E+07
DART, 367500, 368000,   1.403055142663058E+08  -1.111937355139716E+08  -5.933913761758952E+07
DART, 368000, 368500,   1.406491396080947E+08  -1.104487564982960E+08  -5.902229698395365E+07
DART, 368500, 369000,   1.409902696787984E+08  -1.097018369117085E+08  -5.870441888328496E+07
DART, 369000, 369500,   1.413288922329773E+08  -1.089529806874848E+08  -5.838550337483878E+07
DART, 369500, 370000,   1.416649878210959E+08  -1.082021882987275E+08  -5.806555068032769E+07
DART, 370000, 370500,   1.419985359968897E+08  -1.074494679100884E+08  -5.774456341398192E+07
DART, 370500, 371000,   1.423295239916993E+08  -1.066948265987916E+08  -5.742254264565451E+07
DART, 371000, 371500,   1.426579350459096E+08  -1.059382647347112E+08  -5.709948815158604E+07
DART, 371500, 372000,   1.429837470845887E+08  -1.051797883017181E+08  -5.677540219491897E+07
DART, 372000, 372500,   1.433069452217226E+08  -1.044194067613181E+08  -5.645028689567091E+07
DART, 372500, 373000,   1.436275152116280E+08  -1.036571220798988E+08  -5.612414210806067E+07
DART, 373000, 373500,   1.439454350705011E+08  -1.028929377784916E+08  -5.579696938887383E+07
DART, 373500, 374000,   1.442606869032150E+08  -1.021268642095845E+08  -5.546877162259974E+07
DART, 374000, 374500,   1.445732578356089E+08  -1.013589061874793E+08  -5.513954929072258E+07
DART, 374500, 375000,   1.448831276024943E+08  -1.005890655046140E+08  -5.480930319762196E+07
DART, 375000, 375500,   1.451902754339035E+08  -9.981735171978733E+07  -5.447803648622201E+07
DART, 375500, 376000,   1.454946881324459E+08  -9.904377285112558E+07  -5.414575064432580E+07
DART, 376000, 376500,   1.457963481023699E+08  -9.826833045231743E+07  -5.381244600562605E+07
DART, 376500, 377000,   1.460952328131627E+08  -9.749103202371286E+07  -5.347812542947689E+07
DART, 377000, 377500,   1.463913271105052E+08  -9.671188812338372E+07  -5.314279148414461E+07
DART, 377500, 378000,   1.466846160020207E+08  -9.593090177865633E+07  -5.280644454254383E+07
DART, 378000, 378500,   1.469750768918942E+08  -9.514807804653206E+07  -5.246908679985546E+07
DART, 378500, 379000,   1.472626916878405E+08  -9.436342858470707E+07  -5.213072164931045E+07
DART, 379000, 379500,   1.475474469444832E+08  -9.357695921582714E+07  -5.179135005933218E+07
DART, 379500, 380000,   1.478293216686229E+08  -9.278867319130145E+07  -5.145097348093878E+07
DART, 380000, 380500,   1.481082948581890E+08  -9.199858157495403E+07  -5.110959564130554E+07
DART, 380500, 381000,   1.483843529519132E+08  -9.120669344334094E+07  -5.076721850852287E+07
DART, 381000, 381500,   1.486574776016120E+08  -9.041301167685689E+07  -5.042384304093780E+07
DART, 381500, 382000,   1.489276459258164E+08  -8.961754541332985E+07  -5.007947275217256E+07
DART, 382000, 382500,   1.491948425806290E+08  -8.882030641748382E+07  -4.973411071836730E+07
DART, 382500, 383000,   1.494590519073034E+08  -8.802129891703081E+07  -4.938775789956442E+07
DART, 383000, 383500,   1.497202508095188E+08  -8.722052963733780E+07  -4.904041719128016E+07
DART, 383500, 384000,   1.499784210944717E+08  -8.641801164923932E+07  -4.869209255330419E+07
DART, 384000, 384500,   1.502335488268403E+08  -8.561375191449520E+07  -4.834278550847172E+07
DART, 384500, 385000,   1.504856123977583E+08  -8.480775528464331E+07  -4.799249822049173E+07
DART, 385000, 385500,   1.507345906878054E+08  -8.400003444053738E+07  -4.764123505858874E+07
DART, 385500, 386000,   1.509804698606871E+08  -8.319059963728787E+07  -4.728899853603192E+07
DART, 386000, 386500,   1.512232309253074E+08  -8.237945522622658E+07  -4.693579030494327E+07
DART, 386500, 387000,   1.514628507784931E+08  -8.156661210357217E+07  -4.658161459298493E+07
DART, 387000, 387500,   1.516993139898475E+08  -8.075208335208920E+07  -4.622647504597387E+07
DART, 387500, 388000,   1.519326043410845E+08  -7.993587454038875E+07  -4.587037328128959E+07
DART, 388000, 388500,   1.521626983730948E+08  -7.911799419361798E+07  -4.551331295796725E+07
DART, 388500, 389000,   1.523895779142244E+08  -7.829845690339500E+07  -4.515529866181819E+07
DART, 389000, 389500,   1.526132286473223E+08  -7.747727090183744E+07  -4.479633253914282E+07
DART, 389500, 390000,   1.528336284878581E+08  -7.665444278019653E+07  -4.443641753325669E+07
DART, 390000, 390500,   1.530507563399122E+08  -7.582998694642277E+07  -4.407555871424476E+07
DART, 390500, 391000,   1.532645982080438E+08  -7.500391495372745E+07  -4.371375920670492E+07
DART, 391000, 391500,   1.534751345965242E+08  -7.417623276660047E+07  -4.335102142622026E+07
DART, 391500, 392000,   1.536823423372124E+08  -7.334695315713310E+07  -4.298735037462201E+07
DART, 392000, 392500,   1.538862060435891E+08  -7.251609063542818E+07  -4.262275032997815E+07
DART, 392500, 393000,   1.540867090740804E+08  -7.168365224898535E+07  -4.225722363751225E+07
DART, 393000, 393500,   1.542838277735000E+08  -7.084964844952138E+07  -4.189077478271203E+07
DART, 393500, 394000,   1.544775441408632E+08  -7.001409545315674E+07  -4.152340903699863E+07
DART, 394000, 394500,   1.546678436150082E+08  -6.917700289026332E+07  -4.115512923917351E+07
DART, 394500, 395000,   1.548547038061136E+08  -6.833837922587380E+07  -4.078593917830584E+07
DART, 395000, 395500,   1.550381038113909E+08  -6.749824069924234E+07  -4.041584468352241E+07
DART, 395500, 396000,   1.552180296219126E+08  -6.665660027659827E+07  -4.004484955644473E+07
DART, 396000, 396500,   1.553944614069922E+08  -6.581346567157065E+07  -3.967295704459892E+07
DART, 396500, 397000,   1.555673761202747E+08  -6.496885164194542E+07  -3.930017298269477E+07
DART, 397000, 397500,   1.557367585793902E+08  -6.412277422807791E+07  -3.892650234256638E+07
DART, 397500, 398000,   1.559025918876883E+08  -6.327524208732593E+07  -3.855194826618109E+07
DART, 398000, 398500,   1.560648523919910E+08  -6.242626771559231E+07  -3.817651612624125E+07
DART, 398500, 399000,   1.562235224417576E+08  -6.157586904873662E+07  -3.780021193753687E+07
DART, 399000, 399500,   1.563785874017353E+08  -6.072405723519097E+07  -3.742303929835182E+07
DART, 399500, 400000,   1.565300247797821E+08  -5.987084273745897E+07  -3.704500290681492E+07
DART, 400000, 400500,   1.566778140668263E+08  -5.901624371960116E+07  -3.666610940655660E+07
DART, 400500, 401000,   1.568219414181067E+08  -5.816027466617154E+07  -3.628636333929592E+07
DART, 401000, 401500,   1.569623868711101E+08  -5.730294516452213E+07  -3.590576884955480E+07
DART, 401500, 402000,   1.570991277199741E+08  -5.644427205514165E+07  -3.552433265997509E+07
DART, 402000, 402500,   1.572321491786155E+08  -5.558427299994564E+07  -3.514206049431703E+07
DART, 402500, 403000,   1.573614342973497E+08  -5.472295838467327E+07  -3.475895635621091E+07
DART, 403000, 403500,   1.574869596561545E+08  -5.386034285238566E+07  -3.437502656177282E+07
DART, 403500, 404000,   1.576087081666437E+08  -5.299644613995428E+07  -3.399027792266163E+07
DART, 404000, 404500,   1.577266653231363E+08  -5.213128101991639E+07  -3.360471485905641E+07
DART, 404500, 405000,   1.578408087681710E+08  -5.126486005977675E+07  -3.321834303606053E+07
DART, 405000, 405500,   1.579511186192946E+08  -5.039720342543999E+07  -3.283116996198086E+07
DART, 405500, 406000,   1.580575814069142E+08  -4.952832720958132E+07  -3.244320097643896E+07
DART, 406000, 406500,   1.581601772744479E+08  -4.865824298039511E+07  -3.205444117987167E+07
DART, 406500, 407000,   1.582588841082000E+08  -4.778696973921206E+07  -3.166489823153517E+07
DART, 407000, 407500,   1.583536877433961E+08  -4.691452684308232E+07  -3.127457865914516E+07
DART, 407500, 408000,   1.584445714140695E+08  -4.604092650588176E+07  -3.088348738608399E+07
DART, 408000, 408500,   1.585315121982256E+08  -4.516618559980412E+07  -3.049163172065358E+07
DART, 408500, 409000,   1.586144938139072E+08  -4.429032572368062E+07  -3.009901931772203E+07
DART, 409000, 409500,   1.586935021229580E+08  -4.341336135989274E+07  -2.970565547422629E+07
DART, 409500, 410000,   1.587685151739336E+08  -4.253530726567927E+07  -2.931154687175813E+07
DART, 410000, 410500,   1.588395139764149E+08  -4.165618566275285E+07  -2.891670192515873E+07
DART, 410500, 411000,   1.589064856804900E+08  -4.077601431945325E+07  -2.852112682138894E+07
DART, 411000, 411500,   1.589694108078235E+08  -3.989480686757959E+07  -2.812482766643867E+07
DART, 411500, 412000,   1.590282681212769E+08  -3.901258452170952E+07  -2.772781309533838E+07
DART, 412000, 412500,   1.590830443350055E+08  -3.812936838294103E+07  -2.733009048245208E+07
DART, 412500, 413000,   1.591337231377556E+08  -3.724517256716682E+07  -2.693166571890355E+07
DART, 413000, 413500,   1.591802824034401E+08  -3.636001622957361E+07  -2.653254714325151E+07
DART, 413500, 414000,   1.592227069325878E+08  -3.547392286446358E+07  -2.613274328945017E+07
DART, 414000, 414500,   1.592609832259009E+08  -3.458690872221718E+07  -2.573226037513325E+07
DART, 414500, 415000,   1.592950900424361E+08  -3.369899080439699E+07  -2.533110613610377E+07
DART, 415000, 415500,   1.593250095804178E+08  -3.281019341211696E+07  -2.492928992388432E+07
DART, 415500, 416000,   1.593507298862364E+08  -3.192053602725685E+07  -2.452681881038488E+07
DART, 416000, 416500,   1.593722321650054E+08  -3.103003439608980E+07  -2.412369994401406E+07
DART, 416500, 417000,   1.593894963713655E+08  -3.013871196563023E+07  -2.371994296173144E+07
DART, 417000, 417500,   1.594025103866696E+08  -2.924659159774923E+07  -2.331555611438031E+07
DART, 417500, 418000,   1.594112586574371E+08  -2.835368935068503E+07  -2.291054629514243E+07
DART, 418000, 418500,   1.594157201819195E+08  -2.746002668071030E+07  -2.250492289664188E+07
DART, 418500, 419000,   1.594158811484139E+08  -2.656562897604769E+07  -2.209869535375558E+07
DART, 419000, 419500,   1.594117289984752E+08  -2.567051427788081E+07  -2.169187083419975E+07
DART, 419500, 420000,   1.594032435362563E+08  -2.477470184874668E+07  -2.128445815029484E+07
DART, 420000, 420500,   1.593904084732318E+08  -2.387821805466409E+07  -2.087646760506664E+07
DART, 420500, 421000,   1.593732130575088E+08  -2.298108409144929E+07  -2.046790717749897E+07
DART, 421000, 421500,   1.593516395121178E+08  -2.208331783093028E+07  -2.005878507884369E+07
DART, 421500, 422000,   1.593256693256735E+08  -2.118494493072619E+07  -1.964911195750115E+07
DART, 422000, 422500,   1.592952918616807E+08  -2.028598999019310E+07  -1.923889695410294E+07
DART, 422500, 423000,   1.592604926553337E+08  -1.938647100875044E+07  -1.882814798085012E+07
DART, 423000, 423500,   1.592212521836756E+08  -1.848641171820351E+07  -1.841687549033383E+07
DART, 423500, 424000,   1.591775583526277E+08  -1.758583935625880E+07  -1.800508982251363E+07
DART, 424000, 424500,   1.591293998723966E+08  -1.668477373442328E+07  -1.759279910635893E+07
DART, 424500, 425000,   1.590767579517415E+08  -1.578323634699600E+07  -1.718001323396929E+07
DART, 425000, 425500,   1.590196181626112E+08  -1.488125556449799E+07  -1.676674345578049E+07
DART, 425500, 426000,   1.589579712835085E+08  -1.397885425171810E+07  -1.635299866088533E+07
DART, 426000, 426500,   1.588918009132491E+08  -1.307605236940436E+07  -1.593878812378076E+07
DART, 426500, 427000,   1.588210904374648E+08  -1.217287771512209E+07  -1.552412349365573E+07
DART, 427000, 427500,   1.587458310372011E+08  -1.126935655461152E+07  -1.510901479420504E+07
DART, 427500, 428000,   1.586660096885239E+08  -1.036550877793539E+07  -1.469347095275529E+07
DART, 428000, 428500,   1.585816087208688E+08  -9.461360315449389E+06  -1.427750346643086E+07
DART, 428500, 429000,   1.584926181051896E+08  -8.556940159318479E+06  -1.386112356336741E+07
DART, 429000, 429500,   1.583990281666903E+08  -7.652269819825796E+06  -1.344434032336273E+07
DART, 429500, 430000,   1.583008218955357E+08  -6.747372940220019E+06  -1.302716469920023E+07
DART, 430000, 430500,   1.581979870861608E+08  -5.842279781613520E+06  -1.260960886247417E+07
DART, 430500, 431000,   1.580905163913940E+08  -4.937014779801238E+06  -1.219168259310510E+07
DART, 431000, 431500,   1.579783951587197E+08  -4.031599892448260E+06  -1.177339620604341E+07
DART, 431500, 432000,   1.578616090460125E+08  -3.126064930082989E+06  -1.135476231736991E+07
DART, 432000, 432500,   1.577401513988525E+08  -2.220437698447316E+06  -1.093579180403722E+07
DART, 432500, 433000,   1.576140109985035E+08  -1.314739870820045E+06  -1.051649458074259E+07
DART, 433000, 433500,   1.574831724100181E+08  -4.089994403156723E+05  -1.009688314946419E+07
DART, 433500, 434000,   1.573476280246346E+08   4.967529993292366E+05  -9.676969585688950E+06
DART, 434000, 434500,   1.572073701374546E+08   1.402494368989036E+06  -9.256763885198271E+06
DART, 434500, 435000,   1.570623839037334E+08   2.308199020105714E+06  -8.836278017267881E+06
DART, 435000, 435500,   1.569126597065435E+08   3.213834975451278E+06  -8.415525023579786E+06
DART, 435500, 436000,   1.567581924213299E+08   4.119376386251693E+06  -7.994515530646446E+06
DART, 436000, 436500,   1.565989695208315E+08   5.024799452310557E+06  -7.573260845308772E+06
DART, 436500, 437000,   1.564349793109269E+08   5.930072540253058E+06  -7.151774490906734E+06
DART, 437000, 437500,   1.562662176484616E+08   6.835166492729553E+06  -6.730068142298940E+06
DART, 437500, 438000,   1.560926754840787E+08   7.740058024273859E+06  -6.308152647500001E+06
DART, 438000, 438500,   1.559143399986029E+08   8.644717280116973E+06  -5.886041447056342E+06
DART, 438500, 439000,   1.557312063537128E+08   9.549112282026833E+06  -5.463747396732912E+06
DART, 439000, 439500,   1.555432691645602E+08   1.045321857664616E+07  -5.041281346697090E+06
DART, 439500, 440000,   1.553505161282784E+08   1.135700872067709E+07  -4.618656211145041E+06
DART, 440000, 440500,   1.551529405727732E+08   1.226044926164751E+07  -4.195885823703763E+06
DART, 440500, 441000,   1.549505399343469E+08   1.316351316161600E+07  -3.772981586006188E+06
DART, 441000, 441500,   1.547433041763682E+08   1.406617500017318E+07  -3.349955720174133E+06
DART, 441500, 442000,   1.545312246137086E+08   1.496840157955302E+07  -2.926822569185349E+06
DART, 442000, 442500,   1.543142999453452E+08   1.587016264618403E+07  -2.503594522608346E+06
DART, 442500, 443000,   1.540925235121475E+08   1.677143330135955E+07  -2.080283366084285E+06
DART, 443000, 443500,   1.538658862559810E+08   1.767218273616727E+07  -1.656903083929329E+06
DART, 443500, 444000,   1.536343847289802E+08   1.857237802548045E+07  -1.233467435199698E+06
DART, 444000, 444500,   1.533980169745494E+08   1.947199144312485E+07  -8.099885322948419E+05
DART, 444500, 445000,   1.531567761380039E+08   2.037099585927757E+07  -3.864792034786972E+05
DART, 445000, 445500,   1.529106553272971E+08   2.126935897412951E+07   3.704614237746549E+04
DART, 445500, 446000,   1.526596536015131E+08   2.216704842683887E+07   4.605739592096200E+05
